PDB	MOL	REFERENCE	SIZE	RMSD	-2b	-2n	-1b	-1n	L1	L1p	1n	1b	2b	2n	3b	3n	4b	4n	-2bBASE	-2nBASE	-1bBASE	-1nBASE	L1BASE	L1pBASE	1nBASE	1bBASE	2bBASE	2nBASE	3bBASE	3nBASE	4bBASE	4nBASE	-2bSS	-2nSS	-1bSS	-1nSS	L1SS	L1pSS	1nSS	1bSS	2bSS	2nSS	3bSS	3nSS	4bSS	4nSS	XwayJunction	RANGE	KINK	TYPE
1FFK.cif1	23S RRNA	1ffk_0_kt7.cif	12	1.566		0.C.1343.	0.G.1312.	0.C.1342.	0.A.1313.		0.A.1341.	0.G.1316.	0.A.1317.	0.G.1340.	0.A.1318.	0.G.1339.	0.G.1319.	0.U.1338.		C	G	C	A		A	G	A	G	A	G	G	U		S	S	S	IC		IC	IC	IC	IC	IC	IC	S	S		LC	YES	N1
1FFK.cif1	23S RRNA	1ffk_0_kt7.cif	12	1.505	0.G.1311.	0.C.1343.	0.G.1312.	0.C.1342.	0.A.1313.		0.A.1341.	0.G.1316.	0.A.1317.	0.G.1340.	0.A.1318.	0.G.1339.		0.U.1338.	G	C	G	C	A		A	G	A	G	A	G		U	S	S	S	S	IC		IC	IC	IC	IC	IC	IC		S		LC	YES	N1
1FFK.cif1	23S RRNA	1ffk_0_kt7.cif	12	1.465	0.C.1025.	0.G.941.	0.C.1026.	0.G.940.	0.G.1027.		0.A.939.	0.G.1031.	0.A.1032.	0.G.938.	0.C.1033.	0.C.937.	0.G.1034.		C	G	C	G	G		A	G	A	G	C	C	G		S	S	S	S	IC		IC	IC	IC	IC	IC	IC	S			LC	YES	N1
1FFK.cif1	23S RRNA	1ffk_0_kt7.cif	13	1.870	0.C.42.	0.G.149.	0.U.43.	0.A.148.	0.G.44.		0.A.113.	0.G.47.	0.A.48.	0.G.112.	0.A.49.	0.C.111.	0.G.50.	0.C.110.	C	G	U	A	G		A	G	A	G	A	C	G	C	S	S	S	S	JC		JC	JC	JC	JC	JC	S	S	S	4	LC	YES	N1
1FFK.cif1	23S RRNA	1ffk_0_kt7.cif	13	1.544	0.C.1146.	0.G.1217.	0.C.1147.	0.G.1216.	0.C.1148.		0.A.1215.	0.G.1151.	0.A.1152.	0.G.1214.	0.C.1153.	0.C.1213.	0.A.1154.	0.C.1212.	C	G	C	G	C		A	G	A	G	C	C	A	C	S	S	S	S	IC		IC	IC	IC	IC	IC	IC	IC	S		LC	YES	N1
1FFK.cif1	23S RRNA	1ffk_0_kt7.cif	13	1.177	0.C.42.	0.G.149.	0.U.43.	0.A.148.	0.G.44.		0.A.113.	0.G.47.	0.A.48.	0.A.114.	0.A.49.	0.G.112.	0.G.50.	0.C.111.	C	G	U	A	G		A	G	A	A	A	G	G	C	S	S	S	S	JC		JC	JC	JC	JC	JC	JC	S	S	4	LC	YES	N1
1FFK.cif1	23S RRNA	1ffk_0_kt7.cif	13	0.000	0.G.92.	0.C.82.	0.C.93.	0.G.81.	0.G.94.		0.A.80.	0.G.97.	0.A.98.	0.G.79.	0.A.99.	0.G.78.	0.C.100.	0.G.77.	G	C	C	G	G		A	G	A	G	A	G	C	G	S	SHP	S	SHP	IC		HPIC	IC	IC	HPIC	IC	HPIC	S	SHP		LC	YES	N1
1FFK.cif1	23S RRNA	3d2g_A_kj.cif	12	1.895	0.U.2640.	0.A.2624.	0.C.2641.	0.G.2623.	0.G.2642.	0.A.2622.	0.U.1835.	0.A.1840.	0.C.1841.	0.C.1834.	0.A.1843.		0.C.1844.		U	A	C	G	G	A	U	A	C	C	A		C		S	S	S	S	JC	JC	HC	HC	HC	HC	S		S		5	LR	NO	NA
1FFK.cif1	23S RRNA	3d2g_A_kj.cif	12	1.677		0.U.864.	0.C.783.	0.G.863.	0.A.784.		0.A.1485.	0.U.1457.	0.A.1459.	0.G.1484.	0.G.1460.	0.C.1483.	0.U.1461.	0.A.1482.		U	C	G	A		A	U	A	G	G	C	U	A		S	S	S	S		IC	IC	IC	IC	S	S	S	S		LR	NO	N1
1FFK.cif1	23S RRNA	3d2g_A_kj.cif	12	1.668		0.G.941.	0.C.1026.	0.G.940.	0.G.1027.		0.A.939.	0.G.1031.	0.A.1032.	0.G.938.	0.C.1033.	0.C.937.	0.G.1034.	0.C.936.		G	C	G	G		A	G	A	G	C	C	G	C		S	S	S	IC		IC	IC	IC	IC	IC	IC	S	S		LC	YES	N1
1FFK.cif1	23S RRNA	3d2g_A_kj.cif	13	1.436	0.U.900.		0.G.901.	0.C.764.	0.G.902.	0.C.763.	0.A.643.	0.A.1355.	0.A.1358.	0.G.642.	0.C.1360.	0.G.641.	0.C.1361.	0.G.640.	U		G	C	G	C	A	A	A	G	C	G	C	G	IC		S	IC	S	S	JC	JC	JC	JC	S	S	S	S	5	LC	NO	N1
1FFK.cif1	23S RRNA	3d2g_A_kj.cif	13	1.274	0.U.900.	0.C.764.	0.G.901.	0.C.763.	0.G.902.	0.C.762.	0.A.643.	0.A.1355.	0.A.1358.	0.G.642.		0.G.641.	0.C.1361.	0.G.640.	U	C	G	C	G	C	A	A	A	G		G	C	G	IC	IC	S	S	S	S	JC	JC	JC	JC		S	S	S	5	LC	NO	N1
1FFK.cif1	23S RRNA	3d2g_A_kj.cif	13	1.271	0.U.900.	0.C.764.	0.G.901.	0.C.763.	0.G.902.	0.C.762.	0.A.643.	0.A.1355.	0.A.1358.	0.G.642.	0.C.1360.	0.G.641.	0.C.1361.		U	C	G	C	G	C	A	A	A	G	C	G	C		IC	IC	S	S	S	S	JC	JC	JC	JC	S	S	S		5	LC	NO	N1
1FFK.cif1	23S RRNA	3d2g_A_kj.cif	13	1.206	0.C.2821.	0.G.2668.	0.C.2822.	0.G.2667.	0.G.2823.		0.A.2914.	0.C.2825.	0.A.2827.	0.A.2913.	0.G.2828.	0.C.2912.	0.G.2829.	0.C.2911.	C	G	C	G	G		A	C	A	A	G	C	G	C	S	SJP	S	SJP	II		II	II	II	II	S	S	S	S		LC	YES	N1
1FFK.cif1	23S RRNA	3d2g_A_kj.cif	13	1.080	0.C.2821.	0.G.2668.	0.C.2822.	0.G.2667.	0.G.2823.		0.A.2914.	0.G.2826.	0.A.2827.	0.A.2913.	0.G.2828.	0.C.2912.	0.G.2829.	0.C.2911.	C	G	C	G	G		A	G	A	A	G	C	G	C	S	SJP	S	SJP	II		II	II	II	II	S	S	S	S		LC	YES	N1
1FFK.cif1	23S RRNA	3d2g_A_kj.cif	14	1.503	0.C.1083.	0.G.1076.	0.C.1084.	0.G.1075.	0.C.1085.	0.G.1074.	0.A.1259.	0.U.1096.	0.A.1098.	0.G.1258.	0.G.1099.	0.C.1257.	0.G.1100.	0.C.1256.	C	G	C	G	C	G	A	U	A	G	G	C	G	C	S	S	S	S	S	S	IC	IC	IC	IC	S	S	S	S		LR	NO	N1
1FFK.cif1	23S RRNA	3d2g_A_kj.cif	14	1.157	0.G.1785.	0.U.1807.	0.C.1786.	0.G.1806.	0.C.1787.	0.G.1805.	0.A.2875.	0.G.2882.	0.A.2883.	0.G.2874.	0.G.2884.	0.C.2873.	0.A.2885.	0.U.2872.	G	U	C	G	C	G	A	G	A	G	G	C	A	U	S	S	S	S	S	S	HC	HC	HC	HC	S	S	S	S		LR	NO	N1
1FJG.cif1	16S RIBOSOMAL RNA	1ffk_0_kt7.cif	12	1.576	A.G.276.	A.C.248.	A.C.277.	A.G.247.	A.G.278.		A.A.246.	A.G.281.	A.A.282.	A.A.243.	A.C.283.		A.G.284.	A.C.242.	G	C	C	G	G		A	G	A	A	C		G	C	S	S	S	S	IC		IC	IC	IC	IC	IC		S	S		LC	YES	N1
1FJG.cif1	16S RIBOSOMAL RNA	1ffk_0_kt7.cif	13	1.099	A.G.698.	A.C.689.	A.C.699.	A.G.688.	A.G.700.		A.A.687.	A.G.703.	A.A.704.	A.U.686.	A.U.705.	A.G.685.	A.A.706.	A.A.684.	G	C	C	G	G		A	G	A	U	U	G	A	A	S	S	S	S	IC		IC	IC	IC	IC	IC	IC	IC	IC		LC	YES	N1
1FJG.cif1	16S RIBOSOMAL RNA	3d2g_A_kj.cif	12	1.716	A.G.698.	A.C.689.	A.C.699.	A.G.688.	A.G.700.		A.A.687.	A.G.703.	A.A.704.	A.U.686.	A.U.705.	A.G.685.	A.A.706.		G	C	C	G	G		A	G	A	U	U	G	A		S	S	S	S	IC		IC	IC	IC	IC	IC	IC	IC			LC	YES	N1
1FJG.cif1	16S RIBOSOMAL RNA	3d2g_A_kj.cif	12	1.548	A.G.276.	A.C.248.	A.C.277.	A.G.247.	A.G.278.		A.A.246.	A.G.281.	A.A.282.	A.A.243.	A.C.283.	A.C.245.	A.G.284.		G	C	C	G	G		A	G	A	A	C	C	G		S	S	S	S	IC		IC	IC	IC	IC	IC	IC	S			LC	YES	N1
1FJG.cif1	16S RIBOSOMAL RNA	3d2g_A_kj.cif	13	1.776	A.G.317.		A.G.318.	A.C.336.	A.G.319.	A.C.335.	A.A.1433.	A.G.1467.	A.A.1468.	A.G.1432.	A.G.1469.	A.C.1431.	A.G.1470.	A.C.1430.	G		G	C	G	C	A	G	A	G	G	C	G	C	S		S	S	S	S	IC	IC	IC	IC	S	S	S	S		LR	NO	N1
1GRZ.cif1	LSU R-RNA GROUP I INTRON	3d2g_A_kj.cif	12	1.734		B.U.273.	B.C.102.	B.G.272.	B.A.103.	B.U.271.	B.A.256.	B.C.217.	B.A.219.	B.G.254.		B.U.253.	B.U.221.	B.A.252.		U	C	G	A	U	A	C	A	G		U	U	A		ICIP	S	SIP	S	SIP	JP	JP	JP	JP		S	S	S		LC	NO	N1
1HNW.cif1	16S RIBOSOMAL RNA	1ffk_0_kt7.cif	12	1.649	A.G.276.	A.C.248.	A.C.277.	A.G.247.	A.G.278.		A.A.246.	A.G.281.	A.A.282.	A.A.243.	A.C.283.	A.C.245.	A.G.284.		G	C	C	G	G		A	G	A	A	C	C	G		S	S	S	S	IC		IC	IC	IC	IC	IC	IC	S			LC	YES	N1
1HNW.cif1	16S RIBOSOMAL RNA	1ffk_0_kt7.cif	12	1.607	A.G.276.	A.C.248.	A.C.277.	A.G.247.	A.G.278.		A.A.246.	A.G.281.	A.A.282.	A.A.243.	A.C.283.		A.G.284.	A.C.242.	G	C	C	G	G		A	G	A	A	C		G	C	S	S	S	S	IC		IC	IC	IC	IC	IC		S	S		LC	YES	N1
1HNW.cif1	16S RIBOSOMAL RNA	1ffk_0_kt7.cif	13	1.132	A.G.698.	A.C.689.	A.C.699.	A.G.688.	A.G.700.		A.A.687.	A.G.703.	A.A.704.	A.U.686.	A.U.705.	A.G.685.	A.A.706.	A.A.684.	G	C	C	G	G		A	G	A	U	U	G	A	A	S	S	S	S	IC		IC	IC	IC	IC	IC	IC	IC	IC		LC	YES	N1
1HNW.cif1	16S RIBOSOMAL RNA	3d2g_A_kj.cif	13	1.744	A.G.317.		A.G.318.	A.C.336.	A.G.319.	A.C.335.	A.A.1433.	A.G.1467.	A.A.1468.	A.G.1432.	A.G.1469.	A.C.1431.	A.G.1470.	A.C.1430.	G		G	C	G	C	A	G	A	G	G	C	G	C	S		S	S	S	S	IC	IC	IC	IC	S	S	S	S		LR	NO	N1
1HNX.cif1	16S RIBOSOMAL RNA	1ffk_0_kt7.cif	12	1.617	A.G.276.	A.C.248.	A.C.277.	A.G.247.	A.G.278.		A.A.246.	A.G.281.	A.A.282.	A.A.243.	A.C.283.		A.G.284.	A.C.242.	G	C	C	G	G		A	G	A	A	C		G	C	S	S	S	S	IC		IC	IC	IC	IC	IC		S	S		LC	YES	N1
1HNX.cif1	16S RIBOSOMAL RNA	1ffk_0_kt7.cif	13	1.125	A.G.698.	A.C.689.	A.C.699.	A.G.688.	A.G.700.		A.A.687.	A.G.703.	A.A.704.	A.U.686.	A.U.705.	A.G.685.	A.A.706.	A.A.684.	G	C	C	G	G		A	G	A	U	U	G	A	A	S	S	S	S	IC		IC	IC	IC	IC	IC	IC	IC	IC		LC	YES	N1
1HNX.cif1	16S RIBOSOMAL RNA	3d2g_A_kj.cif	12	1.788	A.G.698.	A.C.689.	A.C.699.	A.G.688.	A.G.700.		A.A.687.	A.G.703.	A.A.704.	A.U.686.	A.U.705.	A.G.685.	A.A.706.		G	C	C	G	G		A	G	A	U	U	G	A		S	S	S	S	IC		IC	IC	IC	IC	IC	IC	IC			LC	YES	N1
