ID	SIZE	RMSD	RMSDSIZE	RESRMSD	PRIM	SCND	REF	QRY
1	8	0.488	0.061	0.717	1.A.DC.3.=1.D.C.5.,1.B.DC.5.=1.C.C.4.,1.B.DC.6.=1.C.C.5.,1.C.DC.9.=1.B.C.5.,1.D.DC.12.=1.A.C.5.	1.A.DC.2.=1.D.C.4.,1.A.DC.3.=1.D.C.5.,1.B.DC.5.=1.C.C.4.,1.B.DC.6.=1.C.C.5.,1.C.DC.8.=1.B.C.4.,1.C.DC.9.=1.B.C.5.,1.D.DC.11.=1.A.C.4.,1.D.DC.12.=1.A.C.5.	./PDBDNA/105D.cif	othermotifs/1i9k_imotif.pdb
2	8	0.487	0.061	0.709	1.A.DC.3.=1.A.C.5.,1.B.DC.5.=1.B.C.4.,1.B.DC.6.=1.B.C.5.,1.C.DC.9.=1.C.C.5.,1.D.DC.12.=1.D.C.5.	1.A.DC.2.=1.A.C.4.,1.A.DC.3.=1.A.C.5.,1.B.DC.5.=1.B.C.4.,1.B.DC.6.=1.B.C.5.,1.C.DC.8.=1.C.C.4.,1.C.DC.9.=1.C.C.5.,1.D.DC.11.=1.D.C.4.,1.D.DC.12.=1.D.C.5.	./PDBDNA/105D.cif	othermotifs/1i9k_imotif.pdb
3	8	0.471	0.059	0.679	1.A.DC.3.=1.C.C.5.,1.B.DC.5.=1.D.C.4.,1.B.DC.6.=1.D.C.5.,1.C.DC.9.=1.A.C.5.,1.D.DC.12.=1.B.C.5.	1.A.DC.2.=1.C.C.4.,1.A.DC.3.=1.C.C.5.,1.B.DC.5.=1.D.C.4.,1.B.DC.6.=1.D.C.5.,1.C.DC.8.=1.A.C.4.,1.C.DC.9.=1.A.C.5.,1.D.DC.11.=1.B.C.4.,1.D.DC.12.=1.B.C.5.	./PDBDNA/105D.cif	othermotifs/1i9k_imotif.pdb
4	8	0.466	0.058	0.672	1.A.DC.3.=1.B.C.5.,1.B.DC.5.=1.A.C.4.,1.B.DC.6.=1.A.C.5.,1.C.DC.9.=1.D.C.5.,1.D.DC.12.=1.C.C.5.	1.A.DC.2.=1.B.C.4.,1.A.DC.3.=1.B.C.5.,1.B.DC.5.=1.A.C.4.,1.B.DC.6.=1.A.C.5.,1.C.DC.8.=1.D.C.4.,1.C.DC.9.=1.D.C.5.,1.D.DC.11.=1.C.C.4.,1.D.DC.12.=1.C.C.5.	./PDBDNA/105D.cif	othermotifs/1i9k_imotif.pdb
1	8	0.528	0.066	0.731	1.E.DC.19.=1.C.C.4.,1.F.DC.23.=1.A.C.4.,1.G.DC.26.=1.D.C.4.,1.H.DC.31.=1.B.C.5.	1.E.DC.19.=1.C.C.4.,1.E.DC.20.=1.C.C.5.,1.F.DC.23.=1.A.C.4.,1.F.DC.24.=1.A.C.5.,1.G.DC.26.=1.D.C.4.,1.G.DC.27.=1.D.C.5.,1.H.DC.30.=1.B.C.4.,1.H.DC.31.=1.B.C.5.	./PDBDNA/190D.cif	othermotifs/1i9k_imotif.pdb
2	8	0.527	0.066	0.783	1.E.DC.19.=1.D.C.4.,1.F.DC.23.=1.B.C.4.,1.G.DC.26.=1.C.C.4.,1.H.DC.31.=1.A.C.5.	1.E.DC.19.=1.D.C.4.,1.E.DC.20.=1.D.C.5.,1.F.DC.23.=1.B.C.4.,1.F.DC.24.=1.B.C.5.,1.G.DC.26.=1.C.C.4.,1.G.DC.27.=1.C.C.5.,1.H.DC.30.=1.A.C.4.,1.H.DC.31.=1.A.C.5.	./PDBDNA/190D.cif	othermotifs/1i9k_imotif.pdb
3	8	0.526	0.066	0.727	1.E.DC.19.=1.B.C.4.,1.F.DC.23.=1.D.C.4.,1.G.DC.26.=1.A.C.4.,1.H.DC.31.=1.C.C.5.	1.E.DC.19.=1.B.C.4.,1.E.DC.20.=1.B.C.5.,1.F.DC.23.=1.D.C.4.,1.F.DC.24.=1.D.C.5.,1.G.DC.26.=1.A.C.4.,1.G.DC.27.=1.A.C.5.,1.H.DC.30.=1.C.C.4.,1.H.DC.31.=1.C.C.5.	./PDBDNA/190D.cif	othermotifs/1i9k_imotif.pdb
4	8	0.525	0.066	0.764	1.E.DC.19.=1.A.C.4.,1.F.DC.23.=1.C.C.4.,1.G.DC.26.=1.B.C.4.,1.H.DC.31.=1.D.C.5.	1.E.DC.19.=1.A.C.4.,1.E.DC.20.=1.A.C.5.,1.F.DC.23.=1.C.C.4.,1.F.DC.24.=1.C.C.5.,1.G.DC.26.=1.B.C.4.,1.G.DC.27.=1.B.C.5.,1.H.DC.30.=1.D.C.4.,1.H.DC.31.=1.D.C.5.	./PDBDNA/190D.cif	othermotifs/1i9k_imotif.pdb
5	8	0.517	0.065	0.697	1.A.DC.2.=1.A.C.4.,1.A.DC.3.=1.A.C.5.,1.B.DC.6.=1.C.C.4.,1.B.DC.7.=1.C.C.5.,1.C.DC.11.=1.B.C.4.,1.C.DC.12.=1.B.C.5.,1.D.DC.16.=1.D.C.5.	1.A.DC.2.=1.A.C.4.,1.A.DC.3.=1.A.C.5.,1.B.DC.6.=1.C.C.4.,1.B.DC.7.=1.C.C.5.,1.C.DC.11.=1.B.C.4.,1.C.DC.12.=1.B.C.5.,1.D.DC.15.=1.D.C.4.,1.D.DC.16.=1.D.C.5.	./PDBDNA/190D.cif	othermotifs/1i9k_imotif.pdb
6	8	0.517	0.065	0.714	1.A.DC.2.=1.D.C.4.,1.A.DC.3.=1.D.C.5.,1.B.DC.6.=1.B.C.4.,1.B.DC.7.=1.B.C.5.,1.C.DC.11.=1.C.C.4.,1.C.DC.12.=1.C.C.5.,1.D.DC.15.=1.A.C.4.,1.D.DC.16.=1.A.C.5.	1.A.DC.2.=1.D.C.4.,1.A.DC.3.=1.D.C.5.,1.B.DC.6.=1.B.C.4.,1.B.DC.7.=1.B.C.5.,1.C.DC.11.=1.C.C.4.,1.C.DC.12.=1.C.C.5.,1.D.DC.15.=1.A.C.4.,1.D.DC.16.=1.A.C.5.	./PDBDNA/190D.cif	othermotifs/1i9k_imotif.pdb
7	8	0.513	0.064	0.716	1.A.DC.2.=1.C.C.4.,1.A.DC.3.=1.C.C.5.,1.B.DC.6.=1.A.C.4.,1.B.DC.7.=1.A.C.5.,1.C.DC.11.=1.D.C.4.,1.C.DC.12.=1.D.C.5.,1.D.DC.15.=1.B.C.4.,1.D.DC.16.=1.B.C.5.	1.A.DC.2.=1.C.C.4.,1.A.DC.3.=1.C.C.5.,1.B.DC.6.=1.A.C.4.,1.B.DC.7.=1.A.C.5.,1.C.DC.11.=1.D.C.4.,1.C.DC.12.=1.D.C.5.,1.D.DC.15.=1.B.C.4.,1.D.DC.16.=1.B.C.5.	./PDBDNA/190D.cif	othermotifs/1i9k_imotif.pdb
8	8	0.511	0.064	0.693	1.A.DC.2.=1.B.C.4.,1.A.DC.3.=1.B.C.5.,1.B.DC.6.=1.D.C.4.,1.B.DC.7.=1.D.C.5.,1.C.DC.11.=1.A.C.4.,1.C.DC.12.=1.A.C.5.,1.D.DC.15.=1.C.C.4.,1.D.DC.16.=1.C.C.5.	1.A.DC.2.=1.B.C.4.,1.A.DC.3.=1.B.C.5.,1.B.DC.6.=1.D.C.4.,1.B.DC.7.=1.D.C.5.,1.C.DC.11.=1.A.C.4.,1.C.DC.12.=1.A.C.5.,1.D.DC.15.=1.C.C.4.,1.D.DC.16.=1.C.C.5.	./PDBDNA/190D.cif	othermotifs/1i9k_imotif.pdb
9	8	0.497	0.062	0.629	1.A.DC.3.=1.C.C.4.,1.B.DC.7.=1.A.C.4.,1.B.DC.8.=1.A.C.5.,1.C.DC.10.=1.D.C.4.,1.C.DC.11.=1.D.C.5.,1.D.DC.15.=1.B.C.5.	1.A.DC.3.=1.C.C.4.,1.A.DC.4.=1.C.C.5.,1.B.DC.7.=1.A.C.4.,1.B.DC.8.=1.A.C.5.,1.C.DC.10.=1.D.C.4.,1.C.DC.11.=1.D.C.5.,1.D.DC.14.=1.B.C.4.,1.D.DC.15.=1.B.C.5.	./PDBDNA/190D.cif	othermotifs/1i9k_imotif.pdb
10	8	0.497	0.062	0.683	1.A.DC.3.=1.D.C.4.,1.B.DC.7.=1.B.C.4.,1.B.DC.8.=1.B.C.5.,1.C.DC.10.=1.C.C.4.,1.C.DC.11.=1.C.C.5.,1.D.DC.15.=1.A.C.5.	1.A.DC.3.=1.D.C.4.,1.A.DC.4.=1.D.C.5.,1.B.DC.7.=1.B.C.4.,1.B.DC.8.=1.B.C.5.,1.C.DC.10.=1.C.C.4.,1.C.DC.11.=1.C.C.5.,1.D.DC.14.=1.A.C.4.,1.D.DC.15.=1.A.C.5.	./PDBDNA/190D.cif	othermotifs/1i9k_imotif.pdb
11	8	0.496	0.062	0.624	1.A.DC.3.=1.B.C.4.,1.B.DC.7.=1.D.C.4.,1.B.DC.8.=1.D.C.5.,1.C.DC.10.=1.A.C.4.,1.C.DC.11.=1.A.C.5.,1.D.DC.15.=1.C.C.5.	1.A.DC.3.=1.B.C.4.,1.A.DC.4.=1.B.C.5.,1.B.DC.7.=1.D.C.4.,1.B.DC.8.=1.D.C.5.,1.C.DC.10.=1.A.C.4.,1.C.DC.11.=1.A.C.5.,1.D.DC.14.=1.C.C.4.,1.D.DC.15.=1.C.C.5.	./PDBDNA/190D.cif	othermotifs/1i9k_imotif.pdb
12	8	0.494	0.062	0.660	1.A.DC.3.=1.A.C.4.,1.B.DC.7.=1.C.C.4.,1.B.DC.8.=1.C.C.5.,1.C.DC.10.=1.B.C.4.,1.C.DC.11.=1.B.C.5.,1.D.DC.15.=1.D.C.5.	1.A.DC.3.=1.A.C.4.,1.A.DC.4.=1.A.C.5.,1.B.DC.7.=1.C.C.4.,1.B.DC.8.=1.C.C.5.,1.C.DC.10.=1.B.C.4.,1.C.DC.11.=1.B.C.5.,1.D.DC.14.=1.D.C.4.,1.D.DC.15.=1.D.C.5.	./PDBDNA/190D.cif	othermotifs/1i9k_imotif.pdb
13	8	0.488	0.061	0.671	1.E.DC.19.=1.A.C.5.,1.F.DC.22.=1.C.C.4.,1.G.DC.27.=1.B.C.4.,1.G.DC.28.=1.B.C.5.,1.H.DC.32.=1.D.C.5.	1.E.DC.18.=1.A.C.4.,1.E.DC.19.=1.A.C.5.,1.F.DC.22.=1.C.C.4.,1.F.DC.23.=1.C.C.5.,1.G.DC.27.=1.B.C.4.,1.G.DC.28.=1.B.C.5.,1.H.DC.31.=1.D.C.4.,1.H.DC.32.=1.D.C.5.	./PDBDNA/190D.cif	othermotifs/1i9k_imotif.pdb
14	8	0.488	0.061	0.654	1.E.DC.19.=1.D.C.5.,1.F.DC.22.=1.B.C.4.,1.G.DC.27.=1.C.C.4.,1.G.DC.28.=1.C.C.5.,1.H.DC.31.=1.A.C.4.,1.H.DC.32.=1.A.C.5.	1.E.DC.18.=1.D.C.4.,1.E.DC.19.=1.D.C.5.,1.F.DC.22.=1.B.C.4.,1.F.DC.23.=1.B.C.5.,1.G.DC.27.=1.C.C.4.,1.G.DC.28.=1.C.C.5.,1.H.DC.31.=1.A.C.4.,1.H.DC.32.=1.A.C.5.	./PDBDNA/190D.cif	othermotifs/1i9k_imotif.pdb
15	8	0.481	0.060	0.612	1.E.DC.19.=1.C.C.5.,1.F.DC.22.=1.A.C.4.,1.G.DC.27.=1.D.C.4.,1.G.DC.28.=1.D.C.5.,1.H.DC.31.=1.B.C.4.,1.H.DC.32.=1.B.C.5.	1.E.DC.18.=1.C.C.4.,1.E.DC.19.=1.C.C.5.,1.F.DC.22.=1.A.C.4.,1.F.DC.23.=1.A.C.5.,1.G.DC.27.=1.D.C.4.,1.G.DC.28.=1.D.C.5.,1.H.DC.31.=1.B.C.4.,1.H.DC.32.=1.B.C.5.	./PDBDNA/190D.cif	othermotifs/1i9k_imotif.pdb
16	8	0.479	0.060	0.617	1.E.DC.19.=1.B.C.5.,1.F.DC.22.=1.D.C.4.,1.G.DC.27.=1.A.C.4.,1.G.DC.28.=1.A.C.5.,1.H.DC.31.=1.C.C.4.,1.H.DC.32.=1.C.C.5.	1.E.DC.18.=1.B.C.4.,1.E.DC.19.=1.B.C.5.,1.F.DC.22.=1.D.C.4.,1.F.DC.23.=1.D.C.5.,1.G.DC.27.=1.A.C.4.,1.G.DC.28.=1.A.C.5.,1.H.DC.31.=1.C.C.4.,1.H.DC.32.=1.C.C.5.	./PDBDNA/190D.cif	othermotifs/1i9k_imotif.pdb
1	8	0.587	0.073	0.812	1.A.DC.3.=1.B.C.5.,1.B.DC.6.=1.D.C.4.,1.C.DC.11.=1.A.C.5.,1.D.DC.14.=1.C.C.4.	1.A.DC.2.=1.B.C.4.,1.A.DC.3.=1.B.C.5.,1.B.DC.6.=1.D.C.4.,1.B.DC.7.=1.D.C.5.,1.C.DC.10.=1.A.C.4.,1.C.DC.11.=1.A.C.5.,1.D.DC.14.=1.C.C.4.,1.D.DC.15.=1.C.C.5.	./PDBDNA/191D.cif	othermotifs/1i9k_imotif.pdb
2	8	0.586	0.073	0.793	1.A.DC.3.=1.C.C.5.,1.B.DC.6.=1.A.C.4.,1.C.DC.11.=1.D.C.5.,1.D.DC.14.=1.B.C.4.	1.A.DC.2.=1.C.C.4.,1.A.DC.3.=1.C.C.5.,1.B.DC.6.=1.A.C.4.,1.B.DC.7.=1.A.C.5.,1.C.DC.10.=1.D.C.4.,1.C.DC.11.=1.D.C.5.,1.D.DC.14.=1.B.C.4.,1.D.DC.15.=1.B.C.5.	./PDBDNA/191D.cif	othermotifs/1i9k_imotif.pdb
3	8	0.582	0.073	0.762	1.A.DC.3.=1.A.C.5.,1.B.DC.6.=1.C.C.4.,1.C.DC.11.=1.B.C.5.,1.D.DC.14.=1.D.C.4.	1.A.DC.2.=1.A.C.4.,1.A.DC.3.=1.A.C.5.,1.B.DC.6.=1.C.C.4.,1.B.DC.7.=1.C.C.5.,1.C.DC.10.=1.B.C.4.,1.C.DC.11.=1.B.C.5.,1.D.DC.14.=1.D.C.4.,1.D.DC.15.=1.D.C.5.	./PDBDNA/191D.cif	othermotifs/1i9k_imotif.pdb
4	8	0.581	0.073	0.757	1.A.DC.3.=1.D.C.5.,1.B.DC.6.=1.B.C.4.,1.C.DC.11.=1.C.C.5.,1.D.DC.14.=1.A.C.4.	1.A.DC.2.=1.D.C.4.,1.A.DC.3.=1.D.C.5.,1.B.DC.6.=1.B.C.4.,1.B.DC.7.=1.B.C.5.,1.C.DC.10.=1.C.C.4.,1.C.DC.11.=1.C.C.5.,1.D.DC.14.=1.A.C.4.,1.D.DC.15.=1.A.C.5.	./PDBDNA/191D.cif	othermotifs/1i9k_imotif.pdb
1	8	0.562	0.070	0.775	1.A.DC.4.=1.A.C.5.,1.B.DC.8.=1.C.C.4.,1.C.DC.14.=1.B.C.5.,1.D.DC.18.=1.D.C.4.	1.A.DC.3.=1.A.C.4.,1.A.DC.4.=1.A.C.5.,1.B.DC.8.=1.C.C.4.,1.B.DC.9.=1.C.C.5.,1.C.DC.13.=1.B.C.4.,1.C.DC.14.=1.B.C.5.,1.D.DC.18.=1.D.C.4.,1.D.DC.19.=1.D.C.5.	./PDBDNA/1BQJ.cif	othermotifs/1i9k_imotif.pdb
2	8	0.560	0.070	0.721	1.A.DC.4.=1.B.C.5.,1.B.DC.8.=1.D.C.4.,1.C.DC.14.=1.A.C.5.,1.D.DC.18.=1.C.C.4.	1.A.DC.3.=1.B.C.4.,1.A.DC.4.=1.B.C.5.,1.B.DC.8.=1.D.C.4.,1.B.DC.9.=1.D.C.5.,1.C.DC.13.=1.A.C.4.,1.C.DC.14.=1.A.C.5.,1.D.DC.18.=1.C.C.4.,1.D.DC.19.=1.C.C.5.	./PDBDNA/1BQJ.cif	othermotifs/1i9k_imotif.pdb
3	8	0.559	0.070	0.750	1.A.DC.4.=1.D.C.5.,1.B.DC.8.=1.B.C.4.,1.C.DC.14.=1.C.C.5.,1.D.DC.18.=1.A.C.4.	1.A.DC.3.=1.D.C.4.,1.A.DC.4.=1.D.C.5.,1.B.DC.8.=1.B.C.4.,1.B.DC.9.=1.B.C.5.,1.C.DC.13.=1.C.C.4.,1.C.DC.14.=1.C.C.5.,1.D.DC.18.=1.A.C.4.,1.D.DC.19.=1.A.C.5.	./PDBDNA/1BQJ.cif	othermotifs/1i9k_imotif.pdb
4	8	0.557	0.070	0.715	1.A.DC.4.=1.C.C.5.,1.B.DC.8.=1.A.C.4.,1.C.DC.14.=1.D.C.5.,1.D.DC.18.=1.B.C.4.	1.A.DC.3.=1.C.C.4.,1.A.DC.4.=1.C.C.5.,1.B.DC.8.=1.A.C.4.,1.B.DC.9.=1.A.C.5.,1.C.DC.13.=1.D.C.4.,1.C.DC.14.=1.D.C.5.,1.D.DC.18.=1.B.C.4.,1.D.DC.19.=1.B.C.5.	./PDBDNA/1BQJ.cif	othermotifs/1i9k_imotif.pdb
1	8	1.242	0.155	2.294	1.A.DC.3.=1.B.C.5.,1.A.DC.10.=1.C.C.4.,1.B.DC.3.=1.D.C.5.	1.A.DC.2.=1.B.C.4.,1.A.DC.3.=1.B.C.5.,1.A.DC.10.=1.C.C.4.,1.A.DA.11.=1.C.C.5.,1.B.DC.2.=1.D.C.4.,1.B.DC.3.=1.D.C.5.,1.B.DC.10.=1.A.C.4.,1.B.DA.11.=1.A.C.5.	./PDBDNA/1C11.cif	othermotifs/1i9k_imotif.pdb
2	8	1.241	0.155	2.305	1.A.DC.3.=1.C.C.5.,1.B.DC.3.=1.A.C.5.	1.A.DC.2.=1.C.C.4.,1.A.DC.3.=1.C.C.5.,1.A.DC.10.=1.B.C.4.,1.A.DA.11.=1.B.C.5.,1.B.DC.2.=1.A.C.4.,1.B.DC.3.=1.A.C.5.,1.B.DC.10.=1.D.C.4.,1.B.DA.11.=1.D.C.5.	./PDBDNA/1C11.cif	othermotifs/1i9k_imotif.pdb
3	8	1.241	0.155	2.279	1.A.DC.3.=1.D.C.5.,1.B.DC.3.=1.B.C.5.,1.B.DC.10.=1.C.C.4.	1.A.DC.2.=1.D.C.4.,1.A.DC.3.=1.D.C.5.,1.A.DC.10.=1.A.C.4.,1.A.DA.11.=1.A.C.5.,1.B.DC.2.=1.B.C.4.,1.B.DC.3.=1.B.C.5.,1.B.DC.10.=1.C.C.4.,1.B.DA.11.=1.C.C.5.	./PDBDNA/1C11.cif	othermotifs/1i9k_imotif.pdb
4	8	1.240	0.155	2.289	1.A.DC.3.=1.A.C.5.,1.B.DC.3.=1.C.C.5.	1.A.DC.2.=1.A.C.4.,1.A.DC.3.=1.A.C.5.,1.A.DC.10.=1.D.C.4.,1.A.DA.11.=1.D.C.5.,1.B.DC.2.=1.C.C.4.,1.B.DC.3.=1.C.C.5.,1.B.DC.10.=1.B.C.4.,1.B.DA.11.=1.B.C.5.	./PDBDNA/1C11.cif	othermotifs/1i9k_imotif.pdb
5	8	0.558	0.070	0.766	1.A.DC.4.=1.D.C.5.,1.A.DC.10.=1.A.C.5.,1.B.DC.4.=1.B.C.5.,1.B.DC.10.=1.C.C.5.	1.A.DC.3.=1.D.C.4.,1.A.DC.4.=1.D.C.5.,1.A.DC.9.=1.A.C.4.,1.A.DC.10.=1.A.C.5.,1.B.DC.3.=1.B.C.4.,1.B.DC.4.=1.B.C.5.,1.B.DC.9.=1.C.C.4.,1.B.DC.10.=1.C.C.5.	./PDBDNA/1C11.cif	othermotifs/1i9k_imotif.pdb
6	8	0.557	0.070	0.705	1.A.DC.4.=1.B.C.5.,1.A.DC.10.=1.C.C.5.,1.B.DC.4.=1.D.C.5.,1.B.DC.10.=1.A.C.5.	1.A.DC.3.=1.B.C.4.,1.A.DC.4.=1.B.C.5.,1.A.DC.9.=1.C.C.4.,1.A.DC.10.=1.C.C.5.,1.B.DC.3.=1.D.C.4.,1.B.DC.4.=1.D.C.5.,1.B.DC.9.=1.A.C.4.,1.B.DC.10.=1.A.C.5.	./PDBDNA/1C11.cif	othermotifs/1i9k_imotif.pdb
7	8	0.555	0.069	0.740	1.A.DC.3.=1.A.C.4.,1.A.DC.4.=1.A.C.5.,1.A.DC.10.=1.D.C.5.,1.B.DC.3.=1.C.C.4.,1.B.DC.4.=1.C.C.5.,1.B.DC.10.=1.B.C.5.	1.A.DC.3.=1.A.C.4.,1.A.DC.4.=1.A.C.5.,1.A.DC.9.=1.D.C.4.,1.A.DC.10.=1.D.C.5.,1.B.DC.3.=1.C.C.4.,1.B.DC.4.=1.C.C.5.,1.B.DC.9.=1.B.C.4.,1.B.DC.10.=1.B.C.5.	./PDBDNA/1C11.cif	othermotifs/1i9k_imotif.pdb
8	8	0.554	0.069	0.710	1.A.DC.4.=1.C.C.5.,1.A.DC.10.=1.B.C.5.,1.B.DC.3.=1.A.C.4.,1.B.DC.4.=1.A.C.5.,1.B.DC.10.=1.D.C.5.	1.A.DC.3.=1.C.C.4.,1.A.DC.4.=1.C.C.5.,1.A.DC.9.=1.B.C.4.,1.A.DC.10.=1.B.C.5.,1.B.DC.3.=1.A.C.4.,1.B.DC.4.=1.A.C.5.,1.B.DC.9.=1.D.C.4.,1.B.DC.10.=1.D.C.5.	./PDBDNA/1C11.cif	othermotifs/1i9k_imotif.pdb
1	8	0.562	0.070	0.775	1.A.DC.4.=1.A.C.5.,1.B.DC.8.=1.C.C.4.,1.C.DC.14.=1.B.C.5.,1.D.DC.18.=1.D.C.4.	1.A.DC.3.=1.A.C.4.,1.A.DC.4.=1.A.C.5.,1.B.DC.8.=1.C.C.4.,1.B.DC.9.=1.C.C.5.,1.C.DC.13.=1.B.C.4.,1.C.DC.14.=1.B.C.5.,1.D.DC.18.=1.D.C.4.,1.D.DC.19.=1.D.C.5.	./PDBDNA/1CN0.cif	othermotifs/1i9k_imotif.pdb
2	8	0.560	0.070	0.721	1.A.DC.4.=1.B.C.5.,1.B.DC.8.=1.D.C.4.,1.C.DC.14.=1.A.C.5.,1.D.DC.18.=1.C.C.4.	1.A.DC.3.=1.B.C.4.,1.A.DC.4.=1.B.C.5.,1.B.DC.8.=1.D.C.4.,1.B.DC.9.=1.D.C.5.,1.C.DC.13.=1.A.C.4.,1.C.DC.14.=1.A.C.5.,1.D.DC.18.=1.C.C.4.,1.D.DC.19.=1.C.C.5.	./PDBDNA/1CN0.cif	othermotifs/1i9k_imotif.pdb
3	8	0.559	0.070	0.750	1.A.DC.4.=1.D.C.5.,1.B.DC.8.=1.B.C.4.,1.C.DC.14.=1.C.C.5.,1.D.DC.18.=1.A.C.4.	1.A.DC.3.=1.D.C.4.,1.A.DC.4.=1.D.C.5.,1.B.DC.8.=1.B.C.4.,1.B.DC.9.=1.B.C.5.,1.C.DC.13.=1.C.C.4.,1.C.DC.14.=1.C.C.5.,1.D.DC.18.=1.A.C.4.,1.D.DC.19.=1.A.C.5.	./PDBDNA/1CN0.cif	othermotifs/1i9k_imotif.pdb
4	8	0.557	0.070	0.715	1.A.DC.4.=1.C.C.5.,1.B.DC.8.=1.A.C.4.,1.C.DC.14.=1.D.C.5.,1.D.DC.18.=1.B.C.4.	1.A.DC.3.=1.C.C.4.,1.A.DC.4.=1.C.C.5.,1.B.DC.8.=1.A.C.4.,1.B.DC.9.=1.A.C.5.,1.C.DC.13.=1.D.C.4.,1.C.DC.14.=1.D.C.5.,1.D.DC.18.=1.B.C.4.,1.D.DC.19.=1.B.C.5.	./PDBDNA/1CN0.cif	othermotifs/1i9k_imotif.pdb
1	8	0.826	0.103	1.073	1.A.DC.3.=1.C.C.5.,1.A.DC.14.=1.A.C.4.,1.A.DC.15.=1.A.C.5.,1.A.DC.21.=1.B.C.5.	1.A.DC.2.=1.C.C.4.,1.A.DC.3.=1.C.C.5.,1.A.DC.8.=1.D.C.4.,1.A.DC.9.=1.D.C.5.,1.A.DC.14.=1.A.C.4.,1.A.DC.15.=1.A.C.5.,1.A.DC.20.=1.B.C.4.,1.A.DC.21.=1.B.C.5.	./PDBDNA/1EL2.cif	othermotifs/1i9k_imotif.pdb
2	8	0.825	0.103	1.058	1.A.DC.3.=1.D.C.5.,1.A.DC.14.=1.B.C.4.,1.A.DC.15.=1.B.C.5.,1.A.DC.21.=1.A.C.5.	1.A.DC.2.=1.D.C.4.,1.A.DC.3.=1.D.C.5.,1.A.DC.8.=1.C.C.4.,1.A.DC.9.=1.C.C.5.,1.A.DC.14.=1.B.C.4.,1.A.DC.15.=1.B.C.5.,1.A.DC.20.=1.A.C.4.,1.A.DC.21.=1.A.C.5.	./PDBDNA/1EL2.cif	othermotifs/1i9k_imotif.pdb
3	8	0.824	0.103	1.096	1.A.DC.3.=1.B.C.5.,1.A.DC.14.=1.D.C.4.,1.A.DC.15.=1.D.C.5.,1.A.DC.21.=1.C.C.5.	1.A.DC.2.=1.B.C.4.,1.A.DC.3.=1.B.C.5.,1.A.DC.8.=1.A.C.4.,1.A.DC.9.=1.A.C.5.,1.A.DC.14.=1.D.C.4.,1.A.DC.15.=1.D.C.5.,1.A.DC.20.=1.C.C.4.,1.A.DC.21.=1.C.C.5.	./PDBDNA/1EL2.cif	othermotifs/1i9k_imotif.pdb
4	8	0.822	0.103	1.058	1.A.DC.3.=1.A.C.5.,1.A.DC.14.=1.C.C.4.,1.A.DC.15.=1.C.C.5.,1.A.DC.21.=1.D.C.5.	1.A.DC.2.=1.A.C.4.,1.A.DC.3.=1.A.C.5.,1.A.DC.8.=1.B.C.4.,1.A.DC.9.=1.B.C.5.,1.A.DC.14.=1.C.C.4.,1.A.DC.15.=1.C.C.5.,1.A.DC.20.=1.D.C.4.,1.A.DC.21.=1.D.C.5.	./PDBDNA/1EL2.cif	othermotifs/1i9k_imotif.pdb
1	8	0.735	0.092	0.952	1.A.DC.3.=1.C.C.5.,1.A.DC.9.=1.D.C.5.,1.A.DC.14.=1.A.C.4.,1.A.DC.15.=1.A.C.5.,1.A.DC.21.=1.B.C.5.	1.A.DC.2.=1.C.C.4.,1.A.DC.3.=1.C.C.5.,1.A.DC.8.=1.D.C.4.,1.A.DC.9.=1.D.C.5.,1.A.DC.14.=1.A.C.4.,1.A.DC.15.=1.A.C.5.,1.A.DC.20.=1.B.C.4.,1.A.DC.21.=1.B.C.5.	./PDBDNA/1ELN.cif	othermotifs/1i9k_imotif.pdb
2	8	0.735	0.092	0.938	1.A.DC.3.=1.D.C.5.,1.A.DC.9.=1.C.C.5.,1.A.DC.14.=1.B.C.4.,1.A.DC.15.=1.B.C.5.,1.A.DC.21.=1.A.C.5.	1.A.DC.2.=1.D.C.4.,1.A.DC.3.=1.D.C.5.,1.A.DC.8.=1.C.C.4.,1.A.DC.9.=1.C.C.5.,1.A.DC.14.=1.B.C.4.,1.A.DC.15.=1.B.C.5.,1.A.DC.20.=1.A.C.4.,1.A.DC.21.=1.A.C.5.	./PDBDNA/1ELN.cif	othermotifs/1i9k_imotif.pdb
3	8	0.733	0.092	0.937	1.A.DC.3.=1.A.C.5.,1.A.DC.9.=1.B.C.5.,1.A.DC.14.=1.C.C.4.,1.A.DC.15.=1.C.C.5.,1.A.DC.21.=1.D.C.5.	1.A.DC.2.=1.A.C.4.,1.A.DC.3.=1.A.C.5.,1.A.DC.8.=1.B.C.4.,1.A.DC.9.=1.B.C.5.,1.A.DC.14.=1.C.C.4.,1.A.DC.15.=1.C.C.5.,1.A.DC.20.=1.D.C.4.,1.A.DC.21.=1.D.C.5.	./PDBDNA/1ELN.cif	othermotifs/1i9k_imotif.pdb
4	8	0.733	0.092	0.955	1.A.DC.3.=1.B.C.5.,1.A.DC.9.=1.A.C.5.,1.A.DC.14.=1.D.C.4.,1.A.DC.15.=1.D.C.5.,1.A.DC.21.=1.C.C.5.	1.A.DC.2.=1.B.C.4.,1.A.DC.3.=1.B.C.5.,1.A.DC.8.=1.A.C.4.,1.A.DC.9.=1.A.C.5.,1.A.DC.14.=1.D.C.4.,1.A.DC.15.=1.D.C.5.,1.A.DC.20.=1.C.C.4.,1.A.DC.21.=1.C.C.5.	./PDBDNA/1ELN.cif	othermotifs/1i9k_imotif.pdb
1	8	2.987	0.373	3.804	1.A.DT.4.=1.D.C.5.	1.A.DT.3.=1.D.C.4.,1.A.DT.4.=1.D.C.5.,1.A.DA.6.=1.A.C.4.,1.A.DT.7.=1.A.C.5.,1.B.DT.3.=1.C.C.5.,1.B.DT.4.=1.B.C.4.,1.B.DA.6.=1.B.C.5.,1.B.DT.7.=1.C.C.4.	./PDBDNA/1EU6.cif	othermotifs/1i9k_imotif.pdb
2	8	2.981	0.373	3.791	1.A.DT.4.=1.C.C.5.	1.A.DT.3.=1.C.C.4.,1.A.DT.4.=1.C.C.5.,1.A.DA.6.=1.B.C.4.,1.A.DT.7.=1.B.C.5.,1.B.DT.3.=1.D.C.5.,1.B.DT.4.=1.A.C.4.,1.B.DA.6.=1.A.C.5.,1.B.DT.7.=1.D.C.4.	./PDBDNA/1EU6.cif	othermotifs/1i9k_imotif.pdb
3	8	2.975	0.372	3.814	1.A.DT.4.=1.A.C.5.	1.A.DT.3.=1.A.C.4.,1.A.DT.4.=1.A.C.5.,1.A.DA.6.=1.D.C.4.,1.A.DT.7.=1.D.C.5.,1.B.DT.3.=1.B.C.5.,1.B.DT.4.=1.C.C.4.,1.B.DA.6.=1.C.C.5.,1.B.DT.7.=1.B.C.4.	./PDBDNA/1EU6.cif	othermotifs/1i9k_imotif.pdb
4	8	2.968	0.371	3.799	1.A.DT.4.=1.B.C.5.	1.A.DT.3.=1.B.C.4.,1.A.DT.4.=1.B.C.5.,1.A.DA.6.=1.C.C.4.,1.A.DT.7.=1.C.C.5.,1.B.DT.3.=1.A.C.5.,1.B.DT.4.=1.D.C.4.,1.B.DA.6.=1.D.C.5.,1.B.DT.7.=1.A.C.4.	./PDBDNA/1EU6.cif	othermotifs/1i9k_imotif.pdb
1	8	2.441	0.305	4.674	1.D.DC.2.=1.C.C.4.	1.A.DT.5.=1.B.C.4.,1.A.DC.6.=1.B.C.5.,1.B.DC.2.=1.A.C.4.,1.B.DT.3.=1.A.C.5.,1.C.DT.5.=1.D.C.4.,1.C.DC.6.=1.D.C.5.,1.D.DC.2.=1.C.C.4.,1.D.DT.3.=1.C.C.5.	./PDBDNA/1Q2T.cif	othermotifs/1i9k_imotif.pdb
2	8	2.440	0.305	4.662	1.D.DC.2.=1.A.C.4.	1.A.DT.5.=1.D.C.4.,1.A.DC.6.=1.D.C.5.,1.B.DC.2.=1.C.C.4.,1.B.DT.3.=1.C.C.5.,1.C.DT.5.=1.B.C.4.,1.C.DC.6.=1.B.C.5.,1.D.DC.2.=1.A.C.4.,1.D.DT.3.=1.A.C.5.	./PDBDNA/1Q2T.cif	othermotifs/1i9k_imotif.pdb
3	8	2.439	0.305	4.671	1.D.DC.2.=1.D.C.4.	1.A.DT.5.=1.A.C.4.,1.A.DC.6.=1.A.C.5.,1.B.DC.2.=1.B.C.4.,1.B.DT.3.=1.B.C.5.,1.C.DT.5.=1.C.C.4.,1.C.DC.6.=1.C.C.5.,1.D.DC.2.=1.D.C.4.,1.D.DT.3.=1.D.C.5.	./PDBDNA/1Q2T.cif	othermotifs/1i9k_imotif.pdb
1	8	0.802	0.100	0.963	1.A.DC.6.=1.B.C.5.,1.C.DC.6.=1.D.C.5.	1.A.DC.5.=1.B.C.4.,1.A.DC.6.=1.B.C.5.,1.B.DC.4.=1.A.C.4.,1.B.DC.5.=1.A.C.5.,1.C.DC.5.=1.D.C.4.,1.C.DC.6.=1.D.C.5.,1.D.DC.4.=1.C.C.4.,1.D.DC.5.=1.C.C.5.	./PDBDNA/1YBL.cif	othermotifs/1i9k_imotif.pdb
2	8	0.802	0.100	0.960	1.A.DC.6.=1.C.C.5.,1.C.DC.6.=1.A.C.5.	1.A.DC.5.=1.C.C.4.,1.A.DC.6.=1.C.C.5.,1.B.DC.4.=1.D.C.4.,1.B.DC.5.=1.D.C.5.,1.C.DC.5.=1.A.C.4.,1.C.DC.6.=1.A.C.5.,1.D.DC.4.=1.B.C.4.,1.D.DC.5.=1.B.C.5.	./PDBDNA/1YBL.cif	othermotifs/1i9k_imotif.pdb
3	8	0.802	0.100	0.966	1.A.DC.6.=1.D.C.5.,1.C.DC.6.=1.B.C.5.	1.A.DC.5.=1.D.C.4.,1.A.DC.6.=1.D.C.5.,1.B.DC.4.=1.C.C.4.,1.B.DC.5.=1.C.C.5.,1.C.DC.5.=1.B.C.4.,1.C.DC.6.=1.B.C.5.,1.D.DC.4.=1.A.C.4.,1.D.DC.5.=1.A.C.5.	./PDBDNA/1YBL.cif	othermotifs/1i9k_imotif.pdb
4	8	0.800	0.100	0.959	1.A.DC.6.=1.A.C.5.,1.C.DC.6.=1.C.C.5.	1.A.DC.5.=1.A.C.4.,1.A.DC.6.=1.A.C.5.,1.B.DC.4.=1.B.C.4.,1.B.DC.5.=1.B.C.5.,1.C.DC.5.=1.C.C.4.,1.C.DC.6.=1.C.C.5.,1.D.DC.4.=1.D.C.4.,1.D.DC.5.=1.D.C.5.	./PDBDNA/1YBL.cif	othermotifs/1i9k_imotif.pdb
5	8	0.797	0.100	0.971	1.B.DC.6.=1.D.C.5.,1.D.DC.6.=1.B.C.5.	1.A.DC.4.=1.C.C.4.,1.A.DC.5.=1.C.C.5.,1.B.DC.5.=1.D.C.4.,1.B.DC.6.=1.D.C.5.,1.C.DC.4.=1.A.C.4.,1.C.DC.5.=1.A.C.5.,1.D.DC.5.=1.B.C.4.,1.D.DC.6.=1.B.C.5.	./PDBDNA/1YBL.cif	othermotifs/1i9k_imotif.pdb
6	8	0.796	0.100	0.941	1.A.DC.5.=1.D.C.5.,1.B.DC.6.=1.C.C.5.,1.D.DC.6.=1.A.C.5.	1.A.DC.4.=1.D.C.4.,1.A.DC.5.=1.D.C.5.,1.B.DC.5.=1.C.C.4.,1.B.DC.6.=1.C.C.5.,1.C.DC.4.=1.B.C.4.,1.C.DC.5.=1.B.C.5.,1.D.DC.5.=1.A.C.4.,1.D.DC.6.=1.A.C.5.	./PDBDNA/1YBL.cif	othermotifs/1i9k_imotif.pdb
7	8	0.796	0.100	0.959	1.B.DC.6.=1.A.C.5.,1.C.DC.5.=1.D.C.5.,1.D.DC.6.=1.C.C.5.	1.A.DC.4.=1.B.C.4.,1.A.DC.5.=1.B.C.5.,1.B.DC.5.=1.A.C.4.,1.B.DC.6.=1.A.C.5.,1.C.DC.4.=1.D.C.4.,1.C.DC.5.=1.D.C.5.,1.D.DC.5.=1.C.C.4.,1.D.DC.6.=1.C.C.5.	./PDBDNA/1YBL.cif	othermotifs/1i9k_imotif.pdb
8	8	0.796	0.100	0.948	1.B.DC.6.=1.B.C.5.,1.D.DC.6.=1.D.C.5.	1.A.DC.4.=1.A.C.4.,1.A.DC.5.=1.A.C.5.,1.B.DC.5.=1.B.C.4.,1.B.DC.6.=1.B.C.5.,1.C.DC.4.=1.C.C.4.,1.C.DC.5.=1.C.C.5.,1.D.DC.5.=1.D.C.4.,1.D.DC.6.=1.D.C.5.	./PDBDNA/1YBL.cif	othermotifs/1i9k_imotif.pdb
1	8	0.802	0.100	0.874	1.C.DC.3.=1.C.C.5.	1.A.DC.2.=1.A.C.4.,1.A.DC.3.=1.A.C.5.,1.B.DC.2.=1.B.C.4.,1.B.DC.3.=1.B.C.5.,1.C.DC.2.=1.C.C.4.,1.C.DC.3.=1.C.C.5.,1.D.DC.2.=1.D.C.4.,1.D.DC.3.=1.D.C.5.	./PDBDNA/1YBN.cif	othermotifs/1i9k_imotif.pdb
2	8	0.802	0.100	0.874	1.C.DC.3.=1.D.C.5.	1.A.DC.2.=1.B.C.4.,1.A.DC.3.=1.B.C.5.,1.B.DC.2.=1.A.C.4.,1.B.DC.3.=1.A.C.5.,1.C.DC.2.=1.D.C.4.,1.C.DC.3.=1.D.C.5.,1.D.DC.2.=1.C.C.4.,1.D.DC.3.=1.C.C.5.	./PDBDNA/1YBN.cif	othermotifs/1i9k_imotif.pdb
3	8	0.801	0.100	0.867	1.A.DC.3.=1.D.C.5.,1.C.DC.3.=1.B.C.5.	1.A.DC.2.=1.D.C.4.,1.A.DC.3.=1.D.C.5.,1.B.DC.2.=1.C.C.4.,1.B.DC.3.=1.C.C.5.,1.C.DC.2.=1.B.C.4.,1.C.DC.3.=1.B.C.5.,1.D.DC.2.=1.A.C.4.,1.D.DC.3.=1.A.C.5.	./PDBDNA/1YBN.cif	othermotifs/1i9k_imotif.pdb
4	8	0.801	0.100	0.854	1.C.DC.3.=1.A.C.5.,1.D.DC.3.=1.B.C.5.	1.A.DC.2.=1.C.C.4.,1.A.DC.3.=1.C.C.5.,1.B.DC.2.=1.D.C.4.,1.B.DC.3.=1.D.C.5.,1.C.DC.2.=1.A.C.4.,1.C.DC.3.=1.A.C.5.,1.D.DC.2.=1.B.C.4.,1.D.DC.3.=1.B.C.5.	./PDBDNA/1YBN.cif	othermotifs/1i9k_imotif.pdb
1	8	0.418	0.052	0.590	1.A.DC.3.=1.B.C.4.,1.A.DC.4.=1.B.C.5.,1.C.DC.3.=1.D.C.4.,1.C.DC.4.=1.D.C.5.	1.A.DC.3.=1.B.C.4.,1.A.DC.4.=1.B.C.5.,1.B.DC.2.=1.A.C.4.,1.B.DC.3.=1.A.C.5.,1.C.DC.3.=1.D.C.4.,1.C.DC.4.=1.D.C.5.,1.D.DC.2.=1.C.C.4.,1.D.DC.3.=1.C.C.5.	./PDBDNA/1YBR.cif	othermotifs/1i9k_imotif.pdb
2	8	0.418	0.052	0.584	1.A.DC.3.=1.D.C.4.,1.A.DC.4.=1.D.C.5.,1.C.DC.3.=1.B.C.4.,1.C.DC.4.=1.B.C.5.	1.A.DC.3.=1.D.C.4.,1.A.DC.4.=1.D.C.5.,1.B.DC.2.=1.C.C.4.,1.B.DC.3.=1.C.C.5.,1.C.DC.3.=1.B.C.4.,1.C.DC.4.=1.B.C.5.,1.D.DC.2.=1.A.C.4.,1.D.DC.3.=1.A.C.5.	./PDBDNA/1YBR.cif	othermotifs/1i9k_imotif.pdb
3	8	0.417	0.052	0.567	1.A.DC.3.=1.A.C.4.,1.A.DC.4.=1.A.C.5.,1.C.DC.3.=1.C.C.4.,1.C.DC.4.=1.C.C.5.	1.A.DC.3.=1.A.C.4.,1.A.DC.4.=1.A.C.5.,1.B.DC.2.=1.B.C.4.,1.B.DC.3.=1.B.C.5.,1.C.DC.3.=1.C.C.4.,1.C.DC.4.=1.C.C.5.,1.D.DC.2.=1.D.C.4.,1.D.DC.3.=1.D.C.5.	./PDBDNA/1YBR.cif	othermotifs/1i9k_imotif.pdb
4	8	0.417	0.052	0.572	1.A.DC.3.=1.C.C.4.,1.A.DC.4.=1.C.C.5.,1.C.DC.3.=1.A.C.4.,1.C.DC.4.=1.A.C.5.	1.A.DC.3.=1.C.C.4.,1.A.DC.4.=1.C.C.5.,1.B.DC.2.=1.D.C.4.,1.B.DC.3.=1.D.C.5.,1.C.DC.3.=1.A.C.4.,1.C.DC.4.=1.A.C.5.,1.D.DC.2.=1.B.C.4.,1.D.DC.3.=1.B.C.5.	./PDBDNA/1YBR.cif	othermotifs/1i9k_imotif.pdb
5	8	0.416	0.052	0.564	1.B.DC.3.=1.A.C.4.,1.B.DC.4.=1.A.C.5.,1.D.DC.3.=1.C.C.4.,1.D.DC.4.=1.C.C.5.	1.A.DC.2.=1.B.C.4.,1.A.DC.3.=1.B.C.5.,1.B.DC.3.=1.A.C.4.,1.B.DC.4.=1.A.C.5.,1.C.DC.2.=1.D.C.4.,1.C.DC.3.=1.D.C.5.,1.D.DC.3.=1.C.C.4.,1.D.DC.4.=1.C.C.5.	./PDBDNA/1YBR.cif	othermotifs/1i9k_imotif.pdb
6	8	0.416	0.052	0.585	1.B.DC.3.=1.B.C.4.,1.B.DC.4.=1.B.C.5.,1.D.DC.3.=1.D.C.4.,1.D.DC.4.=1.D.C.5.	1.A.DC.2.=1.A.C.4.,1.A.DC.3.=1.A.C.5.,1.B.DC.3.=1.B.C.4.,1.B.DC.4.=1.B.C.5.,1.C.DC.2.=1.C.C.4.,1.C.DC.3.=1.C.C.5.,1.D.DC.3.=1.D.C.4.,1.D.DC.4.=1.D.C.5.	./PDBDNA/1YBR.cif	othermotifs/1i9k_imotif.pdb
7	8	0.416	0.052	0.568	1.B.DC.3.=1.C.C.4.,1.B.DC.4.=1.C.C.5.,1.D.DC.3.=1.A.C.4.,1.D.DC.4.=1.A.C.5.	1.A.DC.2.=1.D.C.4.,1.A.DC.3.=1.D.C.5.,1.B.DC.3.=1.C.C.4.,1.B.DC.4.=1.C.C.5.,1.C.DC.2.=1.B.C.4.,1.C.DC.3.=1.B.C.5.,1.D.DC.3.=1.A.C.4.,1.D.DC.4.=1.A.C.5.	./PDBDNA/1YBR.cif	othermotifs/1i9k_imotif.pdb
8	8	0.416	0.052	0.581	1.B.DC.3.=1.D.C.4.,1.B.DC.4.=1.D.C.5.,1.D.DC.3.=1.B.C.4.,1.D.DC.4.=1.B.C.5.	1.A.DC.2.=1.C.C.4.,1.A.DC.3.=1.C.C.5.,1.B.DC.3.=1.D.C.4.,1.B.DC.4.=1.D.C.5.,1.C.DC.2.=1.A.C.4.,1.C.DC.3.=1.A.C.5.,1.D.DC.3.=1.B.C.4.,1.D.DC.4.=1.B.C.5.	./PDBDNA/1YBR.cif	othermotifs/1i9k_imotif.pdb
1	8	0.601	0.075	0.718	1.A.DC.3.=1.A.C.5.,1.B.DC.5.=1.B.C.4.,1.C.DC.3.=1.C.C.5.,1.D.DC.5.=1.D.C.4.	1.A.DC.2.=1.A.C.4.,1.A.DC.3.=1.A.C.5.,1.B.DC.5.=1.B.C.4.,1.B.DC.6.=1.B.C.5.,1.C.DC.2.=1.C.C.4.,1.C.DC.3.=1.C.C.5.,1.D.DC.5.=1.D.C.4.,1.D.DC.6.=1.D.C.5.	./PDBDNA/225D.cif	othermotifs/1i9k_imotif.pdb
2	8	0.601	0.075	0.730	1.A.DC.3.=1.B.C.5.,1.B.DC.5.=1.A.C.4.,1.C.DC.3.=1.D.C.5.,1.D.DC.5.=1.C.C.4.	1.A.DC.2.=1.B.C.4.,1.A.DC.3.=1.B.C.5.,1.B.DC.5.=1.A.C.4.,1.B.DC.6.=1.A.C.5.,1.C.DC.2.=1.D.C.4.,1.C.DC.3.=1.D.C.5.,1.D.DC.5.=1.C.C.4.,1.D.DC.6.=1.C.C.5.	./PDBDNA/225D.cif	othermotifs/1i9k_imotif.pdb
3	8	0.601	0.075	0.719	1.A.DC.3.=1.C.C.5.,1.B.DC.5.=1.D.C.4.,1.C.DC.3.=1.A.C.5.,1.D.DC.5.=1.B.C.4.	1.A.DC.2.=1.C.C.4.,1.A.DC.3.=1.C.C.5.,1.B.DC.5.=1.D.C.4.,1.B.DC.6.=1.D.C.5.,1.C.DC.2.=1.A.C.4.,1.C.DC.3.=1.A.C.5.,1.D.DC.5.=1.B.C.4.,1.D.DC.6.=1.B.C.5.	./PDBDNA/225D.cif	othermotifs/1i9k_imotif.pdb
4	8	0.601	0.075	0.729	1.A.DC.3.=1.D.C.5.,1.B.DC.5.=1.C.C.4.,1.C.DC.3.=1.B.C.5.,1.D.DC.5.=1.A.C.4.	1.A.DC.2.=1.D.C.4.,1.A.DC.3.=1.D.C.5.,1.B.DC.5.=1.C.C.4.,1.B.DC.6.=1.C.C.5.,1.C.DC.2.=1.B.C.4.,1.C.DC.3.=1.B.C.5.,1.D.DC.5.=1.A.C.4.,1.D.DC.6.=1.A.C.5.	./PDBDNA/225D.cif	othermotifs/1i9k_imotif.pdb
5	8	0.601	0.075	0.730	1.A.DC.5.=1.A.C.4.,1.B.DC.3.=1.B.C.5.,1.C.DC.5.=1.C.C.4.,1.D.DC.3.=1.D.C.5.	1.A.DC.5.=1.A.C.4.,1.A.DC.6.=1.A.C.5.,1.B.DC.2.=1.B.C.4.,1.B.DC.3.=1.B.C.5.,1.C.DC.5.=1.C.C.4.,1.C.DC.6.=1.C.C.5.,1.D.DC.2.=1.D.C.4.,1.D.DC.3.=1.D.C.5.	./PDBDNA/225D.cif	othermotifs/1i9k_imotif.pdb
6	8	0.601	0.075	0.719	1.A.DC.5.=1.B.C.4.,1.B.DC.3.=1.A.C.5.,1.C.DC.5.=1.D.C.4.,1.D.DC.3.=1.C.C.5.	1.A.DC.5.=1.B.C.4.,1.A.DC.6.=1.B.C.5.,1.B.DC.2.=1.A.C.4.,1.B.DC.3.=1.A.C.5.,1.C.DC.5.=1.D.C.4.,1.C.DC.6.=1.D.C.5.,1.D.DC.2.=1.C.C.4.,1.D.DC.3.=1.C.C.5.	./PDBDNA/225D.cif	othermotifs/1i9k_imotif.pdb
7	8	0.601	0.075	0.730	1.A.DC.5.=1.C.C.4.,1.B.DC.3.=1.D.C.5.,1.C.DC.5.=1.A.C.4.,1.D.DC.3.=1.B.C.5.	1.A.DC.5.=1.C.C.4.,1.A.DC.6.=1.C.C.5.,1.B.DC.2.=1.D.C.4.,1.B.DC.3.=1.D.C.5.,1.C.DC.5.=1.A.C.4.,1.C.DC.6.=1.A.C.5.,1.D.DC.2.=1.B.C.4.,1.D.DC.3.=1.B.C.5.	./PDBDNA/225D.cif	othermotifs/1i9k_imotif.pdb
8	8	0.601	0.075	0.719	1.A.DC.5.=1.D.C.4.,1.B.DC.3.=1.C.C.5.,1.C.DC.5.=1.B.C.4.,1.D.DC.3.=1.A.C.5.	1.A.DC.5.=1.D.C.4.,1.A.DC.6.=1.D.C.5.,1.B.DC.2.=1.C.C.4.,1.B.DC.3.=1.C.C.5.,1.C.DC.5.=1.B.C.4.,1.C.DC.6.=1.B.C.5.,1.D.DC.2.=1.A.C.4.,1.D.DC.3.=1.A.C.5.	./PDBDNA/225D.cif	othermotifs/1i9k_imotif.pdb
9	8	0.589	0.074	0.802	1.A.DC.4.=1.A.C.4.,1.B.DC.4.=1.B.C.5.,1.C.DC.4.=1.C.C.4.,1.D.DC.4.=1.D.C.5.	1.A.DC.4.=1.A.C.4.,1.A.DC.5.=1.A.C.5.,1.B.DC.3.=1.B.C.4.,1.B.DC.4.=1.B.C.5.,1.C.DC.4.=1.C.C.4.,1.C.DC.5.=1.C.C.5.,1.D.DC.3.=1.D.C.4.,1.D.DC.4.=1.D.C.5.	./PDBDNA/225D.cif	othermotifs/1i9k_imotif.pdb
10	8	0.589	0.074	0.820	1.A.DC.4.=1.A.C.5.,1.B.DC.4.=1.B.C.4.,1.C.DC.4.=1.C.C.5.,1.D.DC.4.=1.D.C.4.	1.A.DC.3.=1.A.C.4.,1.A.DC.4.=1.A.C.5.,1.B.DC.4.=1.B.C.4.,1.B.DC.5.=1.B.C.5.,1.C.DC.3.=1.C.C.4.,1.C.DC.4.=1.C.C.5.,1.D.DC.4.=1.D.C.4.,1.D.DC.5.=1.D.C.5.	./PDBDNA/225D.cif	othermotifs/1i9k_imotif.pdb
11	8	0.589	0.074	0.820	1.A.DC.4.=1.B.C.4.,1.B.DC.4.=1.A.C.5.,1.C.DC.4.=1.D.C.4.,1.D.DC.4.=1.C.C.5.	1.A.DC.4.=1.B.C.4.,1.A.DC.5.=1.B.C.5.,1.B.DC.3.=1.A.C.4.,1.B.DC.4.=1.A.C.5.,1.C.DC.4.=1.D.C.4.,1.C.DC.5.=1.D.C.5.,1.D.DC.3.=1.C.C.4.,1.D.DC.4.=1.C.C.5.	./PDBDNA/225D.cif	othermotifs/1i9k_imotif.pdb
12	8	0.589	0.074	0.801	1.A.DC.4.=1.B.C.5.,1.B.DC.4.=1.A.C.4.,1.C.DC.4.=1.D.C.5.,1.D.DC.4.=1.C.C.4.	1.A.DC.3.=1.B.C.4.,1.A.DC.4.=1.B.C.5.,1.B.DC.4.=1.A.C.4.,1.B.DC.5.=1.A.C.5.,1.C.DC.3.=1.D.C.4.,1.C.DC.4.=1.D.C.5.,1.D.DC.4.=1.C.C.4.,1.D.DC.5.=1.C.C.5.	./PDBDNA/225D.cif	othermotifs/1i9k_imotif.pdb
13	8	0.589	0.074	0.802	1.A.DC.4.=1.C.C.4.,1.B.DC.4.=1.D.C.5.,1.C.DC.4.=1.A.C.4.,1.D.DC.4.=1.B.C.5.	1.A.DC.4.=1.C.C.4.,1.A.DC.5.=1.C.C.5.,1.B.DC.3.=1.D.C.4.,1.B.DC.4.=1.D.C.5.,1.C.DC.4.=1.A.C.4.,1.C.DC.5.=1.A.C.5.,1.D.DC.3.=1.B.C.4.,1.D.DC.4.=1.B.C.5.	./PDBDNA/225D.cif	othermotifs/1i9k_imotif.pdb
14	8	0.589	0.074	0.820	1.A.DC.4.=1.C.C.5.,1.B.DC.4.=1.D.C.4.,1.C.DC.4.=1.A.C.5.,1.D.DC.4.=1.B.C.4.	1.A.DC.3.=1.C.C.4.,1.A.DC.4.=1.C.C.5.,1.B.DC.4.=1.D.C.4.,1.B.DC.5.=1.D.C.5.,1.C.DC.3.=1.A.C.4.,1.C.DC.4.=1.A.C.5.,1.D.DC.4.=1.B.C.4.,1.D.DC.5.=1.B.C.5.	./PDBDNA/225D.cif	othermotifs/1i9k_imotif.pdb
15	8	0.589	0.074	0.820	1.A.DC.4.=1.D.C.4.,1.B.DC.4.=1.C.C.5.,1.C.DC.4.=1.B.C.4.,1.D.DC.4.=1.A.C.5.	1.A.DC.4.=1.D.C.4.,1.A.DC.5.=1.D.C.5.,1.B.DC.3.=1.C.C.4.,1.B.DC.4.=1.C.C.5.,1.C.DC.4.=1.B.C.4.,1.C.DC.5.=1.B.C.5.,1.D.DC.3.=1.A.C.4.,1.D.DC.4.=1.A.C.5.	./PDBDNA/225D.cif	othermotifs/1i9k_imotif.pdb
16	8	0.589	0.074	0.802	1.A.DC.4.=1.D.C.5.,1.B.DC.4.=1.C.C.4.,1.C.DC.4.=1.B.C.5.,1.D.DC.4.=1.A.C.4.	1.A.DC.3.=1.D.C.4.,1.A.DC.4.=1.D.C.5.,1.B.DC.4.=1.C.C.4.,1.B.DC.5.=1.C.C.5.,1.C.DC.3.=1.B.C.4.,1.C.DC.4.=1.B.C.5.,1.D.DC.4.=1.A.C.4.,1.D.DC.5.=1.A.C.5.	./PDBDNA/225D.cif	othermotifs/1i9k_imotif.pdb
1	8	0.628	0.079	0.913	1.B.DC.14.=1.A.C.5.,1.C.DC.24.=1.D.C.4.,1.C.DC.25.=1.D.C.5.,1.D.DC.34.=1.B.C.4.,1.D.DC.35.=1.B.C.5.	1.A.DC.3.=1.C.C.4.,1.A.DC.4.=1.C.C.5.,1.B.DC.13.=1.A.C.4.,1.B.DC.14.=1.A.C.5.,1.C.DC.24.=1.D.C.4.,1.C.DC.25.=1.D.C.5.,1.D.DC.34.=1.B.C.4.,1.D.DC.35.=1.B.C.5.	./PDBDNA/294D.cif	othermotifs/1i9k_imotif.pdb
2	8	0.621	0.078	0.889	1.B.DC.14.=1.D.C.5.,1.C.DC.24.=1.A.C.4.,1.C.DC.25.=1.A.C.5.,1.D.DC.34.=1.C.C.4.,1.D.DC.35.=1.C.C.5.	1.A.DC.3.=1.B.C.4.,1.A.DC.4.=1.B.C.5.,1.B.DC.13.=1.D.C.4.,1.B.DC.14.=1.D.C.5.,1.C.DC.24.=1.A.C.4.,1.C.DC.25.=1.A.C.5.,1.D.DC.34.=1.C.C.4.,1.D.DC.35.=1.C.C.5.	./PDBDNA/294D.cif	othermotifs/1i9k_imotif.pdb
3	8	0.617	0.077	0.856	1.B.DC.14.=1.B.C.5.,1.C.DC.24.=1.C.C.4.,1.C.DC.25.=1.C.C.5.,1.D.DC.34.=1.A.C.4.,1.D.DC.35.=1.A.C.5.	1.A.DC.3.=1.D.C.4.,1.A.DC.4.=1.D.C.5.,1.B.DC.13.=1.B.C.4.,1.B.DC.14.=1.B.C.5.,1.C.DC.24.=1.C.C.4.,1.C.DC.25.=1.C.C.5.,1.D.DC.34.=1.A.C.4.,1.D.DC.35.=1.A.C.5.	./PDBDNA/294D.cif	othermotifs/1i9k_imotif.pdb
4	8	0.612	0.076	0.850	1.B.DC.14.=1.C.C.5.,1.C.DC.24.=1.B.C.4.,1.C.DC.25.=1.B.C.5.,1.D.DC.34.=1.D.C.4.,1.D.DC.35.=1.D.C.5.	1.A.DC.3.=1.A.C.4.,1.A.DC.4.=1.A.C.5.,1.B.DC.13.=1.C.C.4.,1.B.DC.14.=1.C.C.5.,1.C.DC.24.=1.B.C.4.,1.C.DC.25.=1.B.C.5.,1.D.DC.34.=1.D.C.4.,1.D.DC.35.=1.D.C.5.	./PDBDNA/294D.cif	othermotifs/1i9k_imotif.pdb
5	8	0.607	0.076	0.850	1.A.DC.4.=1.C.C.4.,1.B.DC.15.=1.A.C.5.,1.C.DC.23.=1.D.C.4.,1.D.DC.33.=1.B.C.4.,1.D.DC.34.=1.B.C.5.	1.A.DC.4.=1.C.C.4.,1.A.DC.5.=1.C.C.5.,1.B.DC.14.=1.A.C.4.,1.B.DC.15.=1.A.C.5.,1.C.DC.23.=1.D.C.4.,1.C.DC.24.=1.D.C.5.,1.D.DC.33.=1.B.C.4.,1.D.DC.34.=1.B.C.5.	./PDBDNA/294D.cif	othermotifs/1i9k_imotif.pdb
6	8	0.603	0.075	0.826	1.A.DC.4.=1.B.C.4.,1.B.DC.15.=1.D.C.5.,1.C.DC.23.=1.A.C.4.,1.D.DC.33.=1.C.C.4.,1.D.DC.34.=1.C.C.5.	1.A.DC.4.=1.B.C.4.,1.A.DC.5.=1.B.C.5.,1.B.DC.14.=1.D.C.4.,1.B.DC.15.=1.D.C.5.,1.C.DC.23.=1.A.C.4.,1.C.DC.24.=1.A.C.5.,1.D.DC.33.=1.C.C.4.,1.D.DC.34.=1.C.C.5.	./PDBDNA/294D.cif	othermotifs/1i9k_imotif.pdb
7	8	0.603	0.075	0.794	1.A.DC.4.=1.D.C.4.,1.B.DC.15.=1.B.C.5.,1.C.DC.23.=1.C.C.4.,1.D.DC.33.=1.A.C.4.,1.D.DC.34.=1.A.C.5.	1.A.DC.4.=1.D.C.4.,1.A.DC.5.=1.D.C.5.,1.B.DC.14.=1.B.C.4.,1.B.DC.15.=1.B.C.5.,1.C.DC.23.=1.C.C.4.,1.C.DC.24.=1.C.C.5.,1.D.DC.33.=1.A.C.4.,1.D.DC.34.=1.A.C.5.	./PDBDNA/294D.cif	othermotifs/1i9k_imotif.pdb
8	8	0.600	0.075	0.789	1.A.DC.4.=1.A.C.4.,1.B.DC.15.=1.C.C.5.,1.C.DC.23.=1.B.C.4.,1.D.DC.33.=1.D.C.4.,1.D.DC.34.=1.D.C.5.	1.A.DC.4.=1.A.C.4.,1.A.DC.5.=1.A.C.5.,1.B.DC.14.=1.C.C.4.,1.B.DC.15.=1.C.C.5.,1.C.DC.23.=1.B.C.4.,1.C.DC.24.=1.B.C.5.,1.D.DC.33.=1.D.C.4.,1.D.DC.34.=1.D.C.5.	./PDBDNA/294D.cif	othermotifs/1i9k_imotif.pdb
9	8	0.582	0.073	0.752	1.E.DC.44.=1.B.C.4.,1.E.DC.45.=1.B.C.5.,1.F.DC.55.=1.D.C.5.,1.G.DC.65.=1.C.C.4.,1.G.DC.66.=1.C.C.5.,1.H.DC.75.=1.A.C.4.,1.H.DC.76.=1.A.C.5.	1.E.DC.44.=1.B.C.4.,1.E.DC.45.=1.B.C.5.,1.F.DC.54.=1.D.C.4.,1.F.DC.55.=1.D.C.5.,1.G.DC.65.=1.C.C.4.,1.G.DC.66.=1.C.C.5.,1.H.DC.75.=1.A.C.4.,1.H.DC.76.=1.A.C.5.	./PDBDNA/294D.cif	othermotifs/1i9k_imotif.pdb
10	8	0.581	0.073	0.769	1.E.DC.44.=1.C.C.4.,1.E.DC.45.=1.C.C.5.,1.F.DC.55.=1.A.C.5.,1.G.DC.65.=1.B.C.4.,1.G.DC.66.=1.B.C.5.,1.H.DC.75.=1.D.C.4.,1.H.DC.76.=1.D.C.5.	1.E.DC.44.=1.C.C.4.,1.E.DC.45.=1.C.C.5.,1.F.DC.54.=1.A.C.4.,1.F.DC.55.=1.A.C.5.,1.G.DC.65.=1.B.C.4.,1.G.DC.66.=1.B.C.5.,1.H.DC.75.=1.D.C.4.,1.H.DC.76.=1.D.C.5.	./PDBDNA/294D.cif	othermotifs/1i9k_imotif.pdb
11	8	0.576	0.072	0.717	1.E.DC.44.=1.A.C.4.,1.E.DC.45.=1.A.C.5.,1.F.DC.55.=1.C.C.5.,1.G.DC.65.=1.D.C.4.,1.G.DC.66.=1.D.C.5.,1.H.DC.75.=1.B.C.4.,1.H.DC.76.=1.B.C.5.	1.E.DC.44.=1.A.C.4.,1.E.DC.45.=1.A.C.5.,1.F.DC.54.=1.C.C.4.,1.F.DC.55.=1.C.C.5.,1.G.DC.65.=1.D.C.4.,1.G.DC.66.=1.D.C.5.,1.H.DC.75.=1.B.C.4.,1.H.DC.76.=1.B.C.5.	./PDBDNA/294D.cif	othermotifs/1i9k_imotif.pdb
12	8	0.575	0.072	0.721	1.E.DC.44.=1.D.C.4.,1.E.DC.45.=1.D.C.5.,1.F.DC.55.=1.B.C.5.,1.G.DC.65.=1.A.C.4.,1.G.DC.66.=1.A.C.5.,1.H.DC.75.=1.C.C.4.,1.H.DC.76.=1.C.C.5.	1.E.DC.44.=1.D.C.4.,1.E.DC.45.=1.D.C.5.,1.F.DC.54.=1.B.C.4.,1.F.DC.55.=1.B.C.5.,1.G.DC.65.=1.A.C.4.,1.G.DC.66.=1.A.C.5.,1.H.DC.75.=1.C.C.4.,1.H.DC.76.=1.C.C.5.	./PDBDNA/294D.cif	othermotifs/1i9k_imotif.pdb
13	8	0.558	0.070	0.667	1.A.DC.5.=1.C.C.4.,1.A.DC.6.=1.C.C.5.,1.B.DC.15.=1.A.C.4.,1.B.DC.16.=1.A.C.5.	1.A.DC.5.=1.C.C.4.,1.A.DC.6.=1.C.C.5.,1.B.DC.15.=1.A.C.4.,1.B.DC.16.=1.A.C.5.,1.C.DC.22.=1.D.C.4.,1.C.DC.23.=1.D.C.5.,1.D.DC.32.=1.B.C.4.,1.D.DC.33.=1.B.C.5.	./PDBDNA/294D.cif	othermotifs/1i9k_imotif.pdb
14	8	0.558	0.070	0.633	1.A.DC.5.=1.D.C.4.,1.A.DC.6.=1.D.C.5.,1.B.DC.15.=1.B.C.4.,1.B.DC.16.=1.B.C.5.	1.A.DC.5.=1.D.C.4.,1.A.DC.6.=1.D.C.5.,1.B.DC.15.=1.B.C.4.,1.B.DC.16.=1.B.C.5.,1.C.DC.22.=1.C.C.4.,1.C.DC.23.=1.C.C.5.,1.D.DC.32.=1.A.C.4.,1.D.DC.33.=1.A.C.5.	./PDBDNA/294D.cif	othermotifs/1i9k_imotif.pdb
15	8	0.557	0.070	0.647	1.A.DC.5.=1.B.C.4.,1.A.DC.6.=1.B.C.5.,1.B.DC.16.=1.D.C.5.	1.A.DC.5.=1.B.C.4.,1.A.DC.6.=1.B.C.5.,1.B.DC.15.=1.D.C.4.,1.B.DC.16.=1.D.C.5.,1.C.DC.22.=1.A.C.4.,1.C.DC.23.=1.A.C.5.,1.D.DC.32.=1.C.C.4.,1.D.DC.33.=1.C.C.5.	./PDBDNA/294D.cif	othermotifs/1i9k_imotif.pdb
16	8	0.554	0.069	0.645	1.A.DC.5.=1.A.C.4.,1.A.DC.6.=1.A.C.5.,1.B.DC.15.=1.C.C.4.,1.B.DC.16.=1.C.C.5.	1.A.DC.5.=1.A.C.4.,1.A.DC.6.=1.A.C.5.,1.B.DC.15.=1.C.C.4.,1.B.DC.16.=1.C.C.5.,1.C.DC.22.=1.B.C.4.,1.C.DC.23.=1.B.C.5.,1.D.DC.32.=1.D.C.4.,1.D.DC.33.=1.D.C.5.	./PDBDNA/294D.cif	othermotifs/1i9k_imotif.pdb
17	8	0.530	0.066	0.693	1.E.DC.45.=1.A.C.4.,1.F.DC.55.=1.C.C.4.,1.F.DC.56.=1.C.C.5.,1.G.DC.64.=1.D.C.4.,1.G.DC.65.=1.D.C.5.,1.H.DC.74.=1.B.C.4.	1.E.DC.45.=1.A.C.4.,1.E.DC.46.=1.A.C.5.,1.F.DC.55.=1.C.C.4.,1.F.DC.56.=1.C.C.5.,1.G.DC.64.=1.D.C.4.,1.G.DC.65.=1.D.C.5.,1.H.DC.74.=1.B.C.4.,1.H.DC.75.=1.B.C.5.	./PDBDNA/294D.cif	othermotifs/1i9k_imotif.pdb
18	8	0.530	0.066	0.737	1.E.DC.45.=1.C.C.4.,1.F.DC.55.=1.A.C.4.,1.F.DC.56.=1.A.C.5.,1.G.DC.64.=1.B.C.4.,1.G.DC.65.=1.B.C.5.,1.H.DC.74.=1.D.C.4.	1.E.DC.45.=1.C.C.4.,1.E.DC.46.=1.C.C.5.,1.F.DC.55.=1.A.C.4.,1.F.DC.56.=1.A.C.5.,1.G.DC.64.=1.B.C.4.,1.G.DC.65.=1.B.C.5.,1.H.DC.74.=1.D.C.4.,1.H.DC.75.=1.D.C.5.	./PDBDNA/294D.cif	othermotifs/1i9k_imotif.pdb
19	8	0.530	0.066	0.695	1.E.DC.45.=1.D.C.4.,1.F.DC.55.=1.B.C.4.,1.F.DC.56.=1.B.C.5.,1.G.DC.64.=1.A.C.4.,1.G.DC.65.=1.A.C.5.,1.H.DC.74.=1.C.C.4.	1.E.DC.45.=1.D.C.4.,1.E.DC.46.=1.D.C.5.,1.F.DC.55.=1.B.C.4.,1.F.DC.56.=1.B.C.5.,1.G.DC.64.=1.A.C.4.,1.G.DC.65.=1.A.C.5.,1.H.DC.74.=1.C.C.4.,1.H.DC.75.=1.C.C.5.	./PDBDNA/294D.cif	othermotifs/1i9k_imotif.pdb
20	8	0.529	0.066	0.720	1.E.DC.45.=1.B.C.4.,1.F.DC.56.=1.D.C.5.,1.G.DC.64.=1.C.C.4.,1.G.DC.65.=1.C.C.5.,1.H.DC.74.=1.A.C.4.	1.E.DC.45.=1.B.C.4.,1.E.DC.46.=1.B.C.5.,1.F.DC.55.=1.D.C.4.,1.F.DC.56.=1.D.C.5.,1.G.DC.64.=1.C.C.4.,1.G.DC.65.=1.C.C.5.,1.H.DC.74.=1.A.C.4.,1.H.DC.75.=1.A.C.5.	./PDBDNA/294D.cif	othermotifs/1i9k_imotif.pdb
1	8	1.004	0.126	1.265	1.C.DC.6.=1.B.C.5.	1.A.DT.5.=1.D.C.4.,1.A.DC.6.=1.D.C.5.,1.B.DC.4.=1.C.C.4.,1.B.DT.5.=1.C.C.5.,1.C.DT.5.=1.B.C.4.,1.C.DC.6.=1.B.C.5.,1.D.DC.4.=1.A.C.4.,1.D.DT.5.=1.A.C.5.	./PDBDNA/2KKK.cif	othermotifs/1i9k_imotif.pdb
1	8	0.812	0.102	1.138	1.A.DC.3.=1.A.C.5.,1.A.DC.8.=1.D.C.4.,1.A.DC.9.=1.D.C.5.,1.B.DC.3.=1.B.C.5.	1.A.DC.2.=1.A.C.4.,1.A.DC.3.=1.A.C.5.,1.A.DC.8.=1.D.C.4.,1.A.DC.9.=1.D.C.5.,1.B.DC.2.=1.B.C.4.,1.B.DC.3.=1.B.C.5.,1.B.DC.8.=1.C.C.4.,1.B.DC.9.=1.C.C.5.	./PDBDNA/2MRZ.cif	othermotifs/1i9k_imotif.pdb
2	8	0.811	0.101	1.138	1.A.DC.3.=1.B.C.5.,1.A.DC.9.=1.C.C.5.,1.B.DC.3.=1.A.C.5.	1.A.DC.2.=1.B.C.4.,1.A.DC.3.=1.B.C.5.,1.A.DC.8.=1.C.C.4.,1.A.DC.9.=1.C.C.5.,1.B.DC.2.=1.A.C.4.,1.B.DC.3.=1.A.C.5.,1.B.DC.8.=1.D.C.4.,1.B.DC.9.=1.D.C.5.	./PDBDNA/2MRZ.cif	othermotifs/1i9k_imotif.pdb
3	8	0.806	0.101	1.141	1.A.DC.3.=1.C.C.5.,1.A.DC.8.=1.B.C.4.,1.A.DC.9.=1.B.C.5.,1.B.DC.3.=1.D.C.5.	1.A.DC.2.=1.C.C.4.,1.A.DC.3.=1.C.C.5.,1.A.DC.8.=1.B.C.4.,1.A.DC.9.=1.B.C.5.,1.B.DC.2.=1.D.C.4.,1.B.DC.3.=1.D.C.5.,1.B.DC.8.=1.A.C.4.,1.B.DC.9.=1.A.C.5.	./PDBDNA/2MRZ.cif	othermotifs/1i9k_imotif.pdb
4	8	0.806	0.101	1.145	1.A.DC.3.=1.D.C.5.,1.A.DC.8.=1.A.C.4.,1.A.DC.9.=1.A.C.5.,1.B.DC.3.=1.C.C.5.	1.A.DC.2.=1.D.C.4.,1.A.DC.3.=1.D.C.5.,1.A.DC.8.=1.A.C.4.,1.A.DC.9.=1.A.C.5.,1.B.DC.2.=1.C.C.4.,1.B.DC.3.=1.C.C.5.,1.B.DC.8.=1.B.C.4.,1.B.DC.9.=1.B.C.5.	./PDBDNA/2MRZ.cif	othermotifs/1i9k_imotif.pdb
1	8	2.981	0.373	4.284	1.a.A.52.=1.D.C.5.	1.a.G.48.=1.A.C.4.,1.a.A.49.=1.A.C.5.,1.a.G.51.=1.D.C.4.,1.a.A.52.=1.D.C.5.,1.a.A.118.=1.C.C.4.,1.a.U.120.=1.C.C.5.,1.a.G.177.=1.B.C.4.,1.a.G.178.=1.B.C.5.	./PDBDNA/6VU3.cif	othermotifs/1i9k_imotif.pdb
2	8	2.975	0.372	4.296	1.a.A.52.=1.A.C.5.	1.a.G.48.=1.D.C.4.,1.a.A.49.=1.D.C.5.,1.a.G.51.=1.A.C.4.,1.a.A.52.=1.A.C.5.,1.a.A.118.=1.B.C.4.,1.a.U.120.=1.B.C.5.,1.a.G.177.=1.C.C.4.,1.a.G.178.=1.C.C.5.	./PDBDNA/6VU3.cif	othermotifs/1i9k_imotif.pdb
3	8	2.975	0.372	4.252	1.a.A.52.=1.C.C.5.	1.a.G.48.=1.B.C.4.,1.a.A.49.=1.B.C.5.,1.a.G.51.=1.C.C.4.,1.a.A.52.=1.C.C.5.,1.a.A.118.=1.D.C.4.,1.a.U.120.=1.D.C.5.,1.a.G.177.=1.A.C.4.,1.a.G.178.=1.A.C.5.	./PDBDNA/6VU3.cif	othermotifs/1i9k_imotif.pdb
4	8	2.974	0.372	4.261	1.a.A.52.=1.B.C.5.	1.a.G.48.=1.C.C.4.,1.a.A.49.=1.C.C.5.,1.a.G.51.=1.B.C.4.,1.a.A.52.=1.B.C.5.,1.a.A.118.=1.A.C.4.,1.a.U.120.=1.A.C.5.,1.a.G.177.=1.D.C.4.,1.a.G.178.=1.D.C.5.	./PDBDNA/6VU3.cif	othermotifs/1i9k_imotif.pdb
1	8	2.981	0.373	4.284	1.a.A.52.=1.D.C.5.	1.a.G.48.=1.A.C.4.,1.a.A.49.=1.A.C.5.,1.a.G.51.=1.D.C.4.,1.a.A.52.=1.D.C.5.,1.a.A.118.=1.C.C.4.,1.a.U.120.=1.C.C.5.,1.a.G.177.=1.B.C.4.,1.a.G.178.=1.B.C.5.	./PDBDNA/6VYQ.cif	othermotifs/1i9k_imotif.pdb
2	8	2.975	0.372	4.295	1.a.A.52.=1.A.C.5.	1.a.G.48.=1.D.C.4.,1.a.A.49.=1.D.C.5.,1.a.G.51.=1.A.C.4.,1.a.A.52.=1.A.C.5.,1.a.A.118.=1.B.C.4.,1.a.U.120.=1.B.C.5.,1.a.G.177.=1.C.C.4.,1.a.G.178.=1.C.C.5.	./PDBDNA/6VYQ.cif	othermotifs/1i9k_imotif.pdb
3	8	2.975	0.372	4.252	1.a.A.52.=1.C.C.5.	1.a.G.48.=1.B.C.4.,1.a.A.49.=1.B.C.5.,1.a.G.51.=1.C.C.4.,1.a.A.52.=1.C.C.5.,1.a.A.118.=1.D.C.4.,1.a.U.120.=1.D.C.5.,1.a.G.177.=1.A.C.4.,1.a.G.178.=1.A.C.5.	./PDBDNA/6VYQ.cif	othermotifs/1i9k_imotif.pdb
4	8	2.974	0.372	4.261	1.a.A.52.=1.B.C.5.	1.a.G.48.=1.C.C.4.,1.a.A.49.=1.C.C.5.,1.a.G.51.=1.B.C.4.,1.a.A.52.=1.B.C.5.,1.a.A.118.=1.A.C.4.,1.a.U.120.=1.A.C.5.,1.a.G.177.=1.D.C.4.,1.a.G.178.=1.D.C.5.	./PDBDNA/6VYQ.cif	othermotifs/1i9k_imotif.pdb
1	8	2.981	0.373	4.284	1.a.A.52.=1.D.C.5.	1.a.G.48.=1.A.C.4.,1.a.A.49.=1.A.C.5.,1.a.G.51.=1.D.C.4.,1.a.A.52.=1.D.C.5.,1.a.A.118.=1.C.C.4.,1.a.U.120.=1.C.C.5.,1.a.G.177.=1.B.C.4.,1.a.G.178.=1.B.C.5.	./PDBDNA/6VYR.cif	othermotifs/1i9k_imotif.pdb
2	8	2.975	0.372	4.295	1.a.A.52.=1.A.C.5.	1.a.G.48.=1.D.C.4.,1.a.A.49.=1.D.C.5.,1.a.G.51.=1.A.C.4.,1.a.A.52.=1.A.C.5.,1.a.A.118.=1.B.C.4.,1.a.U.120.=1.B.C.5.,1.a.G.177.=1.C.C.4.,1.a.G.178.=1.C.C.5.	./PDBDNA/6VYR.cif	othermotifs/1i9k_imotif.pdb
3	8	2.975	0.372	4.252	1.a.A.52.=1.C.C.5.	1.a.G.48.=1.B.C.4.,1.a.A.49.=1.B.C.5.,1.a.G.51.=1.C.C.4.,1.a.A.52.=1.C.C.5.,1.a.A.118.=1.D.C.4.,1.a.U.120.=1.D.C.5.,1.a.G.177.=1.A.C.4.,1.a.G.178.=1.A.C.5.	./PDBDNA/6VYR.cif	othermotifs/1i9k_imotif.pdb
4	8	2.974	0.372	4.261	1.a.A.52.=1.B.C.5.	1.a.G.48.=1.C.C.4.,1.a.A.49.=1.C.C.5.,1.a.G.51.=1.B.C.4.,1.a.A.52.=1.B.C.5.,1.a.A.118.=1.A.C.4.,1.a.U.120.=1.A.C.5.,1.a.G.177.=1.D.C.4.,1.a.G.178.=1.D.C.5.	./PDBDNA/6VYR.cif	othermotifs/1i9k_imotif.pdb
1	8	2.980	0.372	4.284	1.a.A.52.=1.D.C.5.	1.a.G.48.=1.A.C.4.,1.a.A.49.=1.A.C.5.,1.a.G.51.=1.D.C.4.,1.a.A.52.=1.D.C.5.,1.a.A.118.=1.C.C.4.,1.a.U.120.=1.C.C.5.,1.a.G.177.=1.B.C.4.,1.a.G.178.=1.B.C.5.	./PDBDNA/6VYS.cif	othermotifs/1i9k_imotif.pdb
2	8	2.975	0.372	4.295	1.a.A.52.=1.A.C.5.	1.a.G.48.=1.D.C.4.,1.a.A.49.=1.D.C.5.,1.a.G.51.=1.A.C.4.,1.a.A.52.=1.A.C.5.,1.a.A.118.=1.B.C.4.,1.a.U.120.=1.B.C.5.,1.a.G.177.=1.C.C.4.,1.a.G.178.=1.C.C.5.	./PDBDNA/6VYS.cif	othermotifs/1i9k_imotif.pdb
3	8	2.975	0.372	4.252	1.a.A.52.=1.C.C.5.	1.a.G.48.=1.B.C.4.,1.a.A.49.=1.B.C.5.,1.a.G.51.=1.C.C.4.,1.a.A.52.=1.C.C.5.,1.a.A.118.=1.D.C.4.,1.a.U.120.=1.D.C.5.,1.a.G.177.=1.A.C.4.,1.a.G.178.=1.A.C.5.	./PDBDNA/6VYS.cif	othermotifs/1i9k_imotif.pdb
4	8	2.973	0.372	4.260	1.a.A.52.=1.B.C.5.	1.a.G.48.=1.C.C.4.,1.a.A.49.=1.C.C.5.,1.a.G.51.=1.B.C.4.,1.a.A.52.=1.B.C.5.,1.a.A.118.=1.A.C.4.,1.a.U.120.=1.A.C.5.,1.a.G.177.=1.D.C.4.,1.a.G.178.=1.D.C.5.	./PDBDNA/6VYS.cif	othermotifs/1i9k_imotif.pdb
1	8	2.981	0.373	4.284	1.a.A.52.=1.D.C.5.	1.a.G.48.=1.A.C.4.,1.a.A.49.=1.A.C.5.,1.a.G.51.=1.D.C.4.,1.a.A.52.=1.D.C.5.,1.a.A.118.=1.C.C.4.,1.a.U.120.=1.C.C.5.,1.a.G.177.=1.B.C.4.,1.a.G.178.=1.B.C.5.	./PDBDNA/6VYT.cif	othermotifs/1i9k_imotif.pdb
2	8	2.975	0.372	4.295	1.a.A.52.=1.A.C.5.	1.a.G.48.=1.D.C.4.,1.a.A.49.=1.D.C.5.,1.a.G.51.=1.A.C.4.,1.a.A.52.=1.A.C.5.,1.a.A.118.=1.B.C.4.,1.a.U.120.=1.B.C.5.,1.a.G.177.=1.C.C.4.,1.a.G.178.=1.C.C.5.	./PDBDNA/6VYT.cif	othermotifs/1i9k_imotif.pdb
3	8	2.975	0.372	4.252	1.a.A.52.=1.C.C.5.	1.a.G.48.=1.B.C.4.,1.a.A.49.=1.B.C.5.,1.a.G.51.=1.C.C.4.,1.a.A.52.=1.C.C.5.,1.a.A.118.=1.D.C.4.,1.a.U.120.=1.D.C.5.,1.a.G.177.=1.A.C.4.,1.a.G.178.=1.A.C.5.	./PDBDNA/6VYT.cif	othermotifs/1i9k_imotif.pdb
4	8	2.974	0.372	4.261	1.a.A.52.=1.B.C.5.	1.a.G.48.=1.C.C.4.,1.a.A.49.=1.C.C.5.,1.a.G.51.=1.B.C.4.,1.a.A.52.=1.B.C.5.,1.a.A.118.=1.A.C.4.,1.a.U.120.=1.A.C.5.,1.a.G.177.=1.D.C.4.,1.a.G.178.=1.D.C.5.	./PDBDNA/6VYT.cif	othermotifs/1i9k_imotif.pdb
1	8	2.981	0.373	4.284	1.a.A.52.=1.D.C.5.	1.a.G.48.=1.A.C.4.,1.a.A.49.=1.A.C.5.,1.a.G.51.=1.D.C.4.,1.a.A.52.=1.D.C.5.,1.a.A.118.=1.C.C.4.,1.a.U.120.=1.C.C.5.,1.a.G.177.=1.B.C.4.,1.a.G.178.=1.B.C.5.	./PDBDNA/6VYU.cif	othermotifs/1i9k_imotif.pdb
2	8	2.975	0.372	4.296	1.a.A.52.=1.A.C.5.	1.a.G.48.=1.D.C.4.,1.a.A.49.=1.D.C.5.,1.a.G.51.=1.A.C.4.,1.a.A.52.=1.A.C.5.,1.a.A.118.=1.B.C.4.,1.a.U.120.=1.B.C.5.,1.a.G.177.=1.C.C.4.,1.a.G.178.=1.C.C.5.	./PDBDNA/6VYU.cif	othermotifs/1i9k_imotif.pdb
3	8	2.975	0.372	4.252	1.a.A.52.=1.C.C.5.	1.a.G.48.=1.B.C.4.,1.a.A.49.=1.B.C.5.,1.a.G.51.=1.C.C.4.,1.a.A.52.=1.C.C.5.,1.a.A.118.=1.D.C.4.,1.a.U.120.=1.D.C.5.,1.a.G.177.=1.A.C.4.,1.a.G.178.=1.A.C.5.	./PDBDNA/6VYU.cif	othermotifs/1i9k_imotif.pdb
4	8	2.974	0.372	4.261	1.a.A.52.=1.B.C.5.	1.a.G.48.=1.C.C.4.,1.a.A.49.=1.C.C.5.,1.a.G.51.=1.B.C.4.,1.a.A.52.=1.B.C.5.,1.a.A.118.=1.A.C.4.,1.a.U.120.=1.A.C.5.,1.a.G.177.=1.D.C.4.,1.a.G.178.=1.D.C.5.	./PDBDNA/6VYU.cif	othermotifs/1i9k_imotif.pdb
1	8	2.981	0.373	4.284	1.a.A.52.=1.D.C.5.	1.a.G.48.=1.A.C.4.,1.a.A.49.=1.A.C.5.,1.a.G.51.=1.D.C.4.,1.a.A.52.=1.D.C.5.,1.a.A.118.=1.C.C.4.,1.a.U.120.=1.C.C.5.,1.a.G.177.=1.B.C.4.,1.a.G.178.=1.B.C.5.	./PDBDNA/6VYW.cif	othermotifs/1i9k_imotif.pdb
2	8	2.975	0.372	4.296	1.a.A.52.=1.A.C.5.	1.a.G.48.=1.D.C.4.,1.a.A.49.=1.D.C.5.,1.a.G.51.=1.A.C.4.,1.a.A.52.=1.A.C.5.,1.a.A.118.=1.B.C.4.,1.a.U.120.=1.B.C.5.,1.a.G.177.=1.C.C.4.,1.a.G.178.=1.C.C.5.	./PDBDNA/6VYW.cif	othermotifs/1i9k_imotif.pdb
3	8	2.975	0.372	4.252	1.a.A.52.=1.C.C.5.	1.a.G.48.=1.B.C.4.,1.a.A.49.=1.B.C.5.,1.a.G.51.=1.C.C.4.,1.a.A.52.=1.C.C.5.,1.a.A.118.=1.D.C.4.,1.a.U.120.=1.D.C.5.,1.a.G.177.=1.A.C.4.,1.a.G.178.=1.A.C.5.	./PDBDNA/6VYW.cif	othermotifs/1i9k_imotif.pdb
4	8	2.974	0.372	4.261	1.a.A.52.=1.B.C.5.	1.a.G.48.=1.C.C.4.,1.a.A.49.=1.C.C.5.,1.a.G.51.=1.B.C.4.,1.a.A.52.=1.B.C.5.,1.a.A.118.=1.A.C.4.,1.a.U.120.=1.A.C.5.,1.a.G.177.=1.D.C.4.,1.a.G.178.=1.D.C.5.	./PDBDNA/6VYW.cif	othermotifs/1i9k_imotif.pdb
1	8	2.980	0.372	4.284	1.a.A.52.=1.D.C.5.	1.a.G.48.=1.A.C.4.,1.a.A.49.=1.A.C.5.,1.a.G.51.=1.D.C.4.,1.a.A.52.=1.D.C.5.,1.a.A.118.=1.C.C.4.,1.a.U.120.=1.C.C.5.,1.a.G.177.=1.B.C.4.,1.a.G.178.=1.B.C.5.	./PDBDNA/6VYX.cif	othermotifs/1i9k_imotif.pdb
2	8	2.975	0.372	4.295	1.a.A.52.=1.A.C.5.	1.a.G.48.=1.D.C.4.,1.a.A.49.=1.D.C.5.,1.a.G.51.=1.A.C.4.,1.a.A.52.=1.A.C.5.,1.a.A.118.=1.B.C.4.,1.a.U.120.=1.B.C.5.,1.a.G.177.=1.C.C.4.,1.a.G.178.=1.C.C.5.	./PDBDNA/6VYX.cif	othermotifs/1i9k_imotif.pdb
3	8	2.975	0.372	4.252	1.a.A.52.=1.C.C.5.	1.a.G.48.=1.B.C.4.,1.a.A.49.=1.B.C.5.,1.a.G.51.=1.C.C.4.,1.a.A.52.=1.C.C.5.,1.a.A.118.=1.D.C.4.,1.a.U.120.=1.D.C.5.,1.a.G.177.=1.A.C.4.,1.a.G.178.=1.A.C.5.	./PDBDNA/6VYX.cif	othermotifs/1i9k_imotif.pdb
4	8	2.973	0.372	4.261	1.a.A.52.=1.B.C.5.	1.a.G.48.=1.C.C.4.,1.a.A.49.=1.C.C.5.,1.a.G.51.=1.B.C.4.,1.a.A.52.=1.B.C.5.,1.a.A.118.=1.A.C.4.,1.a.U.120.=1.A.C.5.,1.a.G.177.=1.D.C.4.,1.a.G.178.=1.D.C.5.	./PDBDNA/6VYX.cif	othermotifs/1i9k_imotif.pdb
1	8	2.980	0.372	4.284	1.a.A.52.=1.D.C.5.	1.a.G.48.=1.A.C.4.,1.a.A.49.=1.A.C.5.,1.a.G.51.=1.D.C.4.,1.a.A.52.=1.D.C.5.,1.a.A.118.=1.C.C.4.,1.a.U.120.=1.C.C.5.,1.a.G.177.=1.B.C.4.,1.a.G.178.=1.B.C.5.	./PDBDNA/6VYY.cif	othermotifs/1i9k_imotif.pdb
2	8	2.975	0.372	4.295	1.a.A.52.=1.A.C.5.	1.a.G.48.=1.D.C.4.,1.a.A.49.=1.D.C.5.,1.a.G.51.=1.A.C.4.,1.a.A.52.=1.A.C.5.,1.a.A.118.=1.B.C.4.,1.a.U.120.=1.B.C.5.,1.a.G.177.=1.C.C.4.,1.a.G.178.=1.C.C.5.	./PDBDNA/6VYY.cif	othermotifs/1i9k_imotif.pdb
3	8	2.975	0.372	4.252	1.a.A.52.=1.C.C.5.	1.a.G.48.=1.B.C.4.,1.a.A.49.=1.B.C.5.,1.a.G.51.=1.C.C.4.,1.a.A.52.=1.C.C.5.,1.a.A.118.=1.D.C.4.,1.a.U.120.=1.D.C.5.,1.a.G.177.=1.A.C.4.,1.a.G.178.=1.A.C.5.	./PDBDNA/6VYY.cif	othermotifs/1i9k_imotif.pdb
4	8	2.973	0.372	4.261	1.a.A.52.=1.B.C.5.	1.a.G.48.=1.C.C.4.,1.a.A.49.=1.C.C.5.,1.a.G.51.=1.B.C.4.,1.a.A.52.=1.B.C.5.,1.a.A.118.=1.A.C.4.,1.a.U.120.=1.A.C.5.,1.a.G.177.=1.D.C.4.,1.a.G.178.=1.D.C.5.	./PDBDNA/6VYY.cif	othermotifs/1i9k_imotif.pdb
1	8	2.980	0.372	4.284	1.a.A.52.=1.D.C.5.	1.a.G.48.=1.A.C.4.,1.a.A.49.=1.A.C.5.,1.a.G.51.=1.D.C.4.,1.a.A.52.=1.D.C.5.,1.a.A.118.=1.C.C.4.,1.a.U.120.=1.C.C.5.,1.a.G.177.=1.B.C.4.,1.a.G.178.=1.B.C.5.	./PDBDNA/6VYZ.cif	othermotifs/1i9k_imotif.pdb
2	8	2.975	0.372	4.295	1.a.A.52.=1.A.C.5.	1.a.G.48.=1.D.C.4.,1.a.A.49.=1.D.C.5.,1.a.G.51.=1.A.C.4.,1.a.A.52.=1.A.C.5.,1.a.A.118.=1.B.C.4.,1.a.U.120.=1.B.C.5.,1.a.G.177.=1.C.C.4.,1.a.G.178.=1.C.C.5.	./PDBDNA/6VYZ.cif	othermotifs/1i9k_imotif.pdb
3	8	2.975	0.372	4.252	1.a.A.52.=1.C.C.5.	1.a.G.48.=1.B.C.4.,1.a.A.49.=1.B.C.5.,1.a.G.51.=1.C.C.4.,1.a.A.52.=1.C.C.5.,1.a.A.118.=1.D.C.4.,1.a.U.120.=1.D.C.5.,1.a.G.177.=1.A.C.4.,1.a.G.178.=1.A.C.5.	./PDBDNA/6VYZ.cif	othermotifs/1i9k_imotif.pdb
4	8	2.973	0.372	4.261	1.a.A.52.=1.B.C.5.	1.a.G.48.=1.C.C.4.,1.a.A.49.=1.C.C.5.,1.a.G.51.=1.B.C.4.,1.a.A.52.=1.B.C.5.,1.a.A.118.=1.A.C.4.,1.a.U.120.=1.A.C.5.,1.a.G.177.=1.D.C.4.,1.a.G.178.=1.D.C.5.	./PDBDNA/6VYZ.cif	othermotifs/1i9k_imotif.pdb
1	8	2.980	0.372	4.284	1.a.A.52.=1.D.C.5.	1.a.G.48.=1.A.C.4.,1.a.A.49.=1.A.C.5.,1.a.G.51.=1.D.C.4.,1.a.A.52.=1.D.C.5.,1.a.A.118.=1.C.C.4.,1.a.U.120.=1.C.C.5.,1.a.G.177.=1.B.C.4.,1.a.G.178.=1.B.C.5.	./PDBDNA/6VZ2.cif	othermotifs/1i9k_imotif.pdb
2	8	2.975	0.372	4.295	1.a.A.52.=1.A.C.5.	1.a.G.48.=1.D.C.4.,1.a.A.49.=1.D.C.5.,1.a.G.51.=1.A.C.4.,1.a.A.52.=1.A.C.5.,1.a.A.118.=1.B.C.4.,1.a.U.120.=1.B.C.5.,1.a.G.177.=1.C.C.4.,1.a.G.178.=1.C.C.5.	./PDBDNA/6VZ2.cif	othermotifs/1i9k_imotif.pdb
3	8	2.975	0.372	4.252	1.a.A.52.=1.C.C.5.	1.a.G.48.=1.B.C.4.,1.a.A.49.=1.B.C.5.,1.a.G.51.=1.C.C.4.,1.a.A.52.=1.C.C.5.,1.a.A.118.=1.D.C.4.,1.a.U.120.=1.D.C.5.,1.a.G.177.=1.A.C.4.,1.a.G.178.=1.A.C.5.	./PDBDNA/6VZ2.cif	othermotifs/1i9k_imotif.pdb
4	8	2.973	0.372	4.261	1.a.A.52.=1.B.C.5.	1.a.G.48.=1.C.C.4.,1.a.A.49.=1.C.C.5.,1.a.G.51.=1.B.C.4.,1.a.A.52.=1.B.C.5.,1.a.A.118.=1.A.C.4.,1.a.U.120.=1.A.C.5.,1.a.G.177.=1.D.C.4.,1.a.G.178.=1.D.C.5.	./PDBDNA/6VZ2.cif	othermotifs/1i9k_imotif.pdb
1	8	2.980	0.372	4.284	1.a.A.52.=1.D.C.5.	1.a.G.48.=1.A.C.4.,1.a.A.49.=1.A.C.5.,1.a.G.51.=1.D.C.4.,1.a.A.52.=1.D.C.5.,1.a.A.118.=1.C.C.4.,1.a.U.120.=1.C.C.5.,1.a.G.177.=1.B.C.4.,1.a.G.178.=1.B.C.5.	./PDBDNA/6VZ3.cif	othermotifs/1i9k_imotif.pdb
2	8	2.975	0.372	4.295	1.a.A.52.=1.A.C.5.	1.a.G.48.=1.D.C.4.,1.a.A.49.=1.D.C.5.,1.a.G.51.=1.A.C.4.,1.a.A.52.=1.A.C.5.,1.a.A.118.=1.B.C.4.,1.a.U.120.=1.B.C.5.,1.a.G.177.=1.C.C.4.,1.a.G.178.=1.C.C.5.	./PDBDNA/6VZ3.cif	othermotifs/1i9k_imotif.pdb
3	8	2.975	0.372	4.252	1.a.A.52.=1.C.C.5.	1.a.G.48.=1.B.C.4.,1.a.A.49.=1.B.C.5.,1.a.G.51.=1.C.C.4.,1.a.A.52.=1.C.C.5.,1.a.A.118.=1.D.C.4.,1.a.U.120.=1.D.C.5.,1.a.G.177.=1.A.C.4.,1.a.G.178.=1.A.C.5.	./PDBDNA/6VZ3.cif	othermotifs/1i9k_imotif.pdb
4	8	2.973	0.372	4.261	1.a.A.52.=1.B.C.5.	1.a.G.48.=1.C.C.4.,1.a.A.49.=1.C.C.5.,1.a.G.51.=1.B.C.4.,1.a.A.52.=1.B.C.5.,1.a.A.118.=1.A.C.4.,1.a.U.120.=1.A.C.5.,1.a.G.177.=1.D.C.4.,1.a.G.178.=1.D.C.5.	./PDBDNA/6VZ3.cif	othermotifs/1i9k_imotif.pdb
1	8	2.981	0.373	4.284	1.a.A.52.=1.D.C.5.	1.a.G.48.=1.A.C.4.,1.a.A.49.=1.A.C.5.,1.a.G.51.=1.D.C.4.,1.a.A.52.=1.D.C.5.,1.a.A.118.=1.C.C.4.,1.a.U.120.=1.C.C.5.,1.a.G.177.=1.B.C.4.,1.a.G.178.=1.B.C.5.	./PDBDNA/6VZ5.cif	othermotifs/1i9k_imotif.pdb
2	8	2.975	0.372	4.295	1.a.A.52.=1.A.C.5.	1.a.G.48.=1.D.C.4.,1.a.A.49.=1.D.C.5.,1.a.G.51.=1.A.C.4.,1.a.A.52.=1.A.C.5.,1.a.A.118.=1.B.C.4.,1.a.U.120.=1.B.C.5.,1.a.G.177.=1.C.C.4.,1.a.G.178.=1.C.C.5.	./PDBDNA/6VZ5.cif	othermotifs/1i9k_imotif.pdb
3	8	2.975	0.372	4.252	1.a.A.52.=1.C.C.5.	1.a.G.48.=1.B.C.4.,1.a.A.49.=1.B.C.5.,1.a.G.51.=1.C.C.4.,1.a.A.52.=1.C.C.5.,1.a.A.118.=1.D.C.4.,1.a.U.120.=1.D.C.5.,1.a.G.177.=1.A.C.4.,1.a.G.178.=1.A.C.5.	./PDBDNA/6VZ5.cif	othermotifs/1i9k_imotif.pdb
4	8	2.974	0.372	4.261	1.a.A.52.=1.B.C.5.	1.a.G.48.=1.C.C.4.,1.a.A.49.=1.C.C.5.,1.a.G.51.=1.B.C.4.,1.a.A.52.=1.B.C.5.,1.a.A.118.=1.A.C.4.,1.a.U.120.=1.A.C.5.,1.a.G.177.=1.D.C.4.,1.a.G.178.=1.D.C.5.	./PDBDNA/6VZ5.cif	othermotifs/1i9k_imotif.pdb
1	8	2.981	0.373	4.284	1.a.A.52.=1.D.C.5.	1.a.G.48.=1.A.C.4.,1.a.A.49.=1.A.C.5.,1.a.G.51.=1.D.C.4.,1.a.A.52.=1.D.C.5.,1.a.A.118.=1.C.C.4.,1.a.U.120.=1.C.C.5.,1.a.G.177.=1.B.C.4.,1.a.G.178.=1.B.C.5.	./PDBDNA/6VZ7.cif	othermotifs/1i9k_imotif.pdb
2	8	2.975	0.372	4.296	1.a.A.52.=1.A.C.5.	1.a.G.48.=1.D.C.4.,1.a.A.49.=1.D.C.5.,1.a.G.51.=1.A.C.4.,1.a.A.52.=1.A.C.5.,1.a.A.118.=1.B.C.4.,1.a.U.120.=1.B.C.5.,1.a.G.177.=1.C.C.4.,1.a.G.178.=1.C.C.5.	./PDBDNA/6VZ7.cif	othermotifs/1i9k_imotif.pdb
3	8	2.975	0.372	4.252	1.a.A.52.=1.C.C.5.	1.a.G.48.=1.B.C.4.,1.a.A.49.=1.B.C.5.,1.a.G.51.=1.C.C.4.,1.a.A.52.=1.C.C.5.,1.a.A.118.=1.D.C.4.,1.a.U.120.=1.D.C.5.,1.a.G.177.=1.A.C.4.,1.a.G.178.=1.A.C.5.	./PDBDNA/6VZ7.cif	othermotifs/1i9k_imotif.pdb
4	8	2.974	0.372	4.261	1.a.A.52.=1.B.C.5.	1.a.G.48.=1.C.C.4.,1.a.A.49.=1.C.C.5.,1.a.G.51.=1.B.C.4.,1.a.A.52.=1.B.C.5.,1.a.A.118.=1.A.C.4.,1.a.U.120.=1.A.C.5.,1.a.G.177.=1.D.C.4.,1.a.G.178.=1.D.C.5.	./PDBDNA/6VZ7.cif	othermotifs/1i9k_imotif.pdb
1	8	2.981	0.373	4.284	1.a.A.52.=1.D.C.5.	1.a.G.48.=1.A.C.4.,1.a.A.49.=1.A.C.5.,1.a.G.51.=1.D.C.4.,1.a.A.52.=1.D.C.5.,1.a.A.118.=1.C.C.4.,1.a.U.120.=1.C.C.5.,1.a.G.177.=1.B.C.4.,1.a.G.178.=1.B.C.5.	./PDBDNA/6VZJ.cif	othermotifs/1i9k_imotif.pdb
2	8	2.975	0.372	4.295	1.a.A.52.=1.A.C.5.	1.a.G.48.=1.D.C.4.,1.a.A.49.=1.D.C.5.,1.a.G.51.=1.A.C.4.,1.a.A.52.=1.A.C.5.,1.a.A.118.=1.B.C.4.,1.a.U.120.=1.B.C.5.,1.a.G.177.=1.C.C.4.,1.a.G.178.=1.C.C.5.	./PDBDNA/6VZJ.cif	othermotifs/1i9k_imotif.pdb
3	8	2.975	0.372	4.252	1.a.A.52.=1.C.C.5.	1.a.G.48.=1.B.C.4.,1.a.A.49.=1.B.C.5.,1.a.G.51.=1.C.C.4.,1.a.A.52.=1.C.C.5.,1.a.A.118.=1.D.C.4.,1.a.U.120.=1.D.C.5.,1.a.G.177.=1.A.C.4.,1.a.G.178.=1.A.C.5.	./PDBDNA/6VZJ.cif	othermotifs/1i9k_imotif.pdb
4	8	2.974	0.372	4.261	1.a.A.52.=1.B.C.5.	1.a.G.48.=1.C.C.4.,1.a.A.49.=1.C.C.5.,1.a.G.51.=1.B.C.4.,1.a.A.52.=1.B.C.5.,1.a.A.118.=1.A.C.4.,1.a.U.120.=1.A.C.5.,1.a.G.177.=1.D.C.4.,1.a.G.178.=1.D.C.5.	./PDBDNA/6VZJ.cif	othermotifs/1i9k_imotif.pdb
1	8	2.981	0.373	4.284	1.a.A.52.=1.D.C.5.	1.a.G.48.=1.A.C.4.,1.a.A.49.=1.A.C.5.,1.a.G.51.=1.D.C.4.,1.a.A.52.=1.D.C.5.,1.a.A.118.=1.C.C.4.,1.a.U.120.=1.C.C.5.,1.a.G.177.=1.B.C.4.,1.a.G.178.=1.B.C.5.	./PDBDNA/6X6T.cif	othermotifs/1i9k_imotif.pdb
2	8	2.975	0.372	4.295	1.a.A.52.=1.A.C.5.	1.a.G.48.=1.D.C.4.,1.a.A.49.=1.D.C.5.,1.a.G.51.=1.A.C.4.,1.a.A.52.=1.A.C.5.,1.a.A.118.=1.B.C.4.,1.a.U.120.=1.B.C.5.,1.a.G.177.=1.C.C.4.,1.a.G.178.=1.C.C.5.	./PDBDNA/6X6T.cif	othermotifs/1i9k_imotif.pdb
3	8	2.975	0.372	4.252	1.a.A.52.=1.C.C.5.	1.a.G.48.=1.B.C.4.,1.a.A.49.=1.B.C.5.,1.a.G.51.=1.C.C.4.,1.a.A.52.=1.C.C.5.,1.a.A.118.=1.D.C.4.,1.a.U.120.=1.D.C.5.,1.a.G.177.=1.A.C.4.,1.a.G.178.=1.A.C.5.	./PDBDNA/6X6T.cif	othermotifs/1i9k_imotif.pdb
4	8	2.974	0.372	4.261	1.a.A.52.=1.B.C.5.	1.a.G.48.=1.C.C.4.,1.a.A.49.=1.C.C.5.,1.a.G.51.=1.B.C.4.,1.a.A.52.=1.B.C.5.,1.a.A.118.=1.A.C.4.,1.a.U.120.=1.A.C.5.,1.a.G.177.=1.D.C.4.,1.a.G.178.=1.D.C.5.	./PDBDNA/6X6T.cif	othermotifs/1i9k_imotif.pdb
1	8	2.981	0.373	4.284	1.a.A.52.=1.D.C.5.	1.a.G.48.=1.A.C.4.,1.a.A.49.=1.A.C.5.,1.a.G.51.=1.D.C.4.,1.a.A.52.=1.D.C.5.,1.a.A.118.=1.C.C.4.,1.a.U.120.=1.C.C.5.,1.a.G.177.=1.B.C.4.,1.a.G.178.=1.B.C.5.	./PDBDNA/6X7F.cif	othermotifs/1i9k_imotif.pdb
2	8	2.975	0.372	4.295	1.a.A.52.=1.A.C.5.	1.a.G.48.=1.D.C.4.,1.a.A.49.=1.D.C.5.,1.a.G.51.=1.A.C.4.,1.a.A.52.=1.A.C.5.,1.a.A.118.=1.B.C.4.,1.a.U.120.=1.B.C.5.,1.a.G.177.=1.C.C.4.,1.a.G.178.=1.C.C.5.	./PDBDNA/6X7F.cif	othermotifs/1i9k_imotif.pdb
3	8	2.975	0.372	4.252	1.a.A.52.=1.C.C.5.	1.a.G.48.=1.B.C.4.,1.a.A.49.=1.B.C.5.,1.a.G.51.=1.C.C.4.,1.a.A.52.=1.C.C.5.,1.a.A.118.=1.D.C.4.,1.a.U.120.=1.D.C.5.,1.a.G.177.=1.A.C.4.,1.a.G.178.=1.A.C.5.	./PDBDNA/6X7F.cif	othermotifs/1i9k_imotif.pdb
4	8	2.974	0.372	4.261	1.a.A.52.=1.B.C.5.	1.a.G.48.=1.C.C.4.,1.a.A.49.=1.C.C.5.,1.a.G.51.=1.B.C.4.,1.a.A.52.=1.B.C.5.,1.a.A.118.=1.A.C.4.,1.a.U.120.=1.A.C.5.,1.a.G.177.=1.D.C.4.,1.a.G.178.=1.D.C.5.	./PDBDNA/6X7F.cif	othermotifs/1i9k_imotif.pdb
1	8	2.981	0.373	4.284	1.a.A.52.=1.D.C.5.	1.a.G.48.=1.A.C.4.,1.a.A.49.=1.A.C.5.,1.a.G.51.=1.D.C.4.,1.a.A.52.=1.D.C.5.,1.a.A.118.=1.C.C.4.,1.a.U.120.=1.C.C.5.,1.a.G.177.=1.B.C.4.,1.a.G.178.=1.B.C.5.	./PDBDNA/6X7K.cif	othermotifs/1i9k_imotif.pdb
2	8	2.975	0.372	4.295	1.a.A.52.=1.A.C.5.	1.a.G.48.=1.D.C.4.,1.a.A.49.=1.D.C.5.,1.a.G.51.=1.A.C.4.,1.a.A.52.=1.A.C.5.,1.a.A.118.=1.B.C.4.,1.a.U.120.=1.B.C.5.,1.a.G.177.=1.C.C.4.,1.a.G.178.=1.C.C.5.	./PDBDNA/6X7K.cif	othermotifs/1i9k_imotif.pdb
3	8	2.975	0.372	4.252	1.a.A.52.=1.C.C.5.	1.a.G.48.=1.B.C.4.,1.a.A.49.=1.B.C.5.,1.a.G.51.=1.C.C.4.,1.a.A.52.=1.C.C.5.,1.a.A.118.=1.D.C.4.,1.a.U.120.=1.D.C.5.,1.a.G.177.=1.A.C.4.,1.a.G.178.=1.A.C.5.	./PDBDNA/6X7K.cif	othermotifs/1i9k_imotif.pdb
4	8	2.974	0.372	4.261	1.a.A.52.=1.B.C.5.	1.a.G.48.=1.C.C.4.,1.a.A.49.=1.C.C.5.,1.a.G.51.=1.B.C.4.,1.a.A.52.=1.B.C.5.,1.a.A.118.=1.A.C.4.,1.a.U.120.=1.A.C.5.,1.a.G.177.=1.D.C.4.,1.a.G.178.=1.D.C.5.	./PDBDNA/6X7K.cif	othermotifs/1i9k_imotif.pdb
1	8	2.980	0.372	4.284	1.a.A.52.=1.D.C.5.	1.a.G.48.=1.A.C.4.,1.a.A.49.=1.A.C.5.,1.a.G.51.=1.D.C.4.,1.a.A.52.=1.D.C.5.,1.a.A.118.=1.C.C.4.,1.a.U.120.=1.C.C.5.,1.a.G.177.=1.B.C.4.,1.a.G.178.=1.B.C.5.	./PDBDNA/6X9Q.cif	othermotifs/1i9k_imotif.pdb
2	8	2.975	0.372	4.295	1.a.A.52.=1.A.C.5.	1.a.G.48.=1.D.C.4.,1.a.A.49.=1.D.C.5.,1.a.G.51.=1.A.C.4.,1.a.A.52.=1.A.C.5.,1.a.A.118.=1.B.C.4.,1.a.U.120.=1.B.C.5.,1.a.G.177.=1.C.C.4.,1.a.G.178.=1.C.C.5.	./PDBDNA/6X9Q.cif	othermotifs/1i9k_imotif.pdb
3	8	2.975	0.372	4.252	1.a.A.52.=1.C.C.5.	1.a.G.48.=1.B.C.4.,1.a.A.49.=1.B.C.5.,1.a.G.51.=1.C.C.4.,1.a.A.52.=1.C.C.5.,1.a.A.118.=1.D.C.4.,1.a.U.120.=1.D.C.5.,1.a.G.177.=1.A.C.4.,1.a.G.178.=1.A.C.5.	./PDBDNA/6X9Q.cif	othermotifs/1i9k_imotif.pdb
4	8	2.973	0.372	4.261	1.a.A.52.=1.B.C.5.	1.a.G.48.=1.C.C.4.,1.a.A.49.=1.C.C.5.,1.a.G.51.=1.B.C.4.,1.a.A.52.=1.B.C.5.,1.a.A.118.=1.A.C.4.,1.a.U.120.=1.A.C.5.,1.a.G.177.=1.D.C.4.,1.a.G.178.=1.D.C.5.	./PDBDNA/6X9Q.cif	othermotifs/1i9k_imotif.pdb
1	8	2.981	0.373	4.284	1.a.A.52.=1.D.C.5.	1.a.G.48.=1.A.C.4.,1.a.A.49.=1.A.C.5.,1.a.G.51.=1.D.C.4.,1.a.A.52.=1.D.C.5.,1.a.A.118.=1.C.C.4.,1.a.U.120.=1.C.C.5.,1.a.G.177.=1.B.C.4.,1.a.G.178.=1.B.C.5.	./PDBDNA/6XDQ.cif	othermotifs/1i9k_imotif.pdb
2	8	2.975	0.372	4.295	1.a.A.52.=1.A.C.5.	1.a.G.48.=1.D.C.4.,1.a.A.49.=1.D.C.5.,1.a.G.51.=1.A.C.4.,1.a.A.52.=1.A.C.5.,1.a.A.118.=1.B.C.4.,1.a.U.120.=1.B.C.5.,1.a.G.177.=1.C.C.4.,1.a.G.178.=1.C.C.5.	./PDBDNA/6XDQ.cif	othermotifs/1i9k_imotif.pdb
3	8	2.975	0.372	4.252	1.a.A.52.=1.C.C.5.	1.a.G.48.=1.B.C.4.,1.a.A.49.=1.B.C.5.,1.a.G.51.=1.C.C.4.,1.a.A.52.=1.C.C.5.,1.a.A.118.=1.D.C.4.,1.a.U.120.=1.D.C.5.,1.a.G.177.=1.A.C.4.,1.a.G.178.=1.A.C.5.	./PDBDNA/6XDQ.cif	othermotifs/1i9k_imotif.pdb
4	8	2.974	0.372	4.261	1.a.A.52.=1.B.C.5.	1.a.G.48.=1.C.C.4.,1.a.A.49.=1.C.C.5.,1.a.G.51.=1.B.C.4.,1.a.A.52.=1.B.C.5.,1.a.A.118.=1.A.C.4.,1.a.U.120.=1.A.C.5.,1.a.G.177.=1.D.C.4.,1.a.G.178.=1.D.C.5.	./PDBDNA/6XDQ.cif	othermotifs/1i9k_imotif.pdb
1	8	2.981	0.373	4.284	1.a.A.52.=1.D.C.5.	1.a.G.48.=1.A.C.4.,1.a.A.49.=1.A.C.5.,1.a.G.51.=1.D.C.4.,1.a.A.52.=1.D.C.5.,1.a.A.118.=1.C.C.4.,1.a.U.120.=1.C.C.5.,1.a.G.177.=1.B.C.4.,1.a.G.178.=1.B.C.5.	./PDBDNA/6XDR.cif	othermotifs/1i9k_imotif.pdb
2	8	2.975	0.372	4.296	1.a.A.52.=1.A.C.5.	1.a.G.48.=1.D.C.4.,1.a.A.49.=1.D.C.5.,1.a.G.51.=1.A.C.4.,1.a.A.52.=1.A.C.5.,1.a.A.118.=1.B.C.4.,1.a.U.120.=1.B.C.5.,1.a.G.177.=1.C.C.4.,1.a.G.178.=1.C.C.5.	./PDBDNA/6XDR.cif	othermotifs/1i9k_imotif.pdb
3	8	2.975	0.372	4.252	1.a.A.52.=1.C.C.5.	1.a.G.48.=1.B.C.4.,1.a.A.49.=1.B.C.5.,1.a.G.51.=1.C.C.4.,1.a.A.52.=1.C.C.5.,1.a.A.118.=1.D.C.4.,1.a.U.120.=1.D.C.5.,1.a.G.177.=1.A.C.4.,1.a.G.178.=1.A.C.5.	./PDBDNA/6XDR.cif	othermotifs/1i9k_imotif.pdb
4	8	2.974	0.372	4.261	1.a.A.52.=1.B.C.5.	1.a.G.48.=1.C.C.4.,1.a.A.49.=1.C.C.5.,1.a.G.51.=1.B.C.4.,1.a.A.52.=1.B.C.5.,1.a.A.118.=1.A.C.4.,1.a.U.120.=1.A.C.5.,1.a.G.177.=1.D.C.4.,1.a.G.178.=1.D.C.5.	./PDBDNA/6XDR.cif	othermotifs/1i9k_imotif.pdb
1	8	2.981	0.373	4.284	1.a.A.52.=1.D.C.5.	1.a.G.48.=1.A.C.4.,1.a.A.49.=1.A.C.5.,1.a.G.51.=1.D.C.4.,1.a.A.52.=1.D.C.5.,1.a.A.118.=1.C.C.4.,1.a.U.120.=1.C.C.5.,1.a.G.177.=1.B.C.4.,1.a.G.178.=1.B.C.5.	./PDBDNA/6XGF.cif	othermotifs/1i9k_imotif.pdb
2	8	2.975	0.372	4.295	1.a.A.52.=1.A.C.5.	1.a.G.48.=1.D.C.4.,1.a.A.49.=1.D.C.5.,1.a.G.51.=1.A.C.4.,1.a.A.52.=1.A.C.5.,1.a.A.118.=1.B.C.4.,1.a.U.120.=1.B.C.5.,1.a.G.177.=1.C.C.4.,1.a.G.178.=1.C.C.5.	./PDBDNA/6XGF.cif	othermotifs/1i9k_imotif.pdb
3	8	2.975	0.372	4.252	1.a.A.52.=1.C.C.5.	1.a.G.48.=1.B.C.4.,1.a.A.49.=1.B.C.5.,1.a.G.51.=1.C.C.4.,1.a.A.52.=1.C.C.5.,1.a.A.118.=1.D.C.4.,1.a.U.120.=1.D.C.5.,1.a.G.177.=1.A.C.4.,1.a.G.178.=1.A.C.5.	./PDBDNA/6XGF.cif	othermotifs/1i9k_imotif.pdb
4	8	2.974	0.372	4.261	1.a.A.52.=1.B.C.5.	1.a.G.48.=1.C.C.4.,1.a.A.49.=1.C.C.5.,1.a.G.51.=1.B.C.4.,1.a.A.52.=1.B.C.5.,1.a.A.118.=1.A.C.4.,1.a.U.120.=1.A.C.5.,1.a.G.177.=1.D.C.4.,1.a.G.178.=1.D.C.5.	./PDBDNA/6XGF.cif	othermotifs/1i9k_imotif.pdb
1	8	2.981	0.373	4.284	1.a.A.52.=1.D.C.5.	1.a.G.48.=1.A.C.4.,1.a.A.49.=1.A.C.5.,1.a.G.51.=1.D.C.4.,1.a.A.52.=1.D.C.5.,1.a.A.118.=1.C.C.4.,1.a.U.120.=1.C.C.5.,1.a.G.177.=1.B.C.4.,1.a.G.178.=1.B.C.5.	./PDBDNA/6XII.cif	othermotifs/1i9k_imotif.pdb
2	8	2.975	0.372	4.295	1.a.A.52.=1.A.C.5.	1.a.G.48.=1.D.C.4.,1.a.A.49.=1.D.C.5.,1.a.G.51.=1.A.C.4.,1.a.A.52.=1.A.C.5.,1.a.A.118.=1.B.C.4.,1.a.U.120.=1.B.C.5.,1.a.G.177.=1.C.C.4.,1.a.G.178.=1.C.C.5.	./PDBDNA/6XII.cif	othermotifs/1i9k_imotif.pdb
3	8	2.975	0.372	4.252	1.a.A.52.=1.C.C.5.	1.a.G.48.=1.B.C.4.,1.a.A.49.=1.B.C.5.,1.a.G.51.=1.C.C.4.,1.a.A.52.=1.C.C.5.,1.a.A.118.=1.D.C.4.,1.a.U.120.=1.D.C.5.,1.a.G.177.=1.A.C.4.,1.a.G.178.=1.A.C.5.	./PDBDNA/6XII.cif	othermotifs/1i9k_imotif.pdb
4	8	2.974	0.372	4.261	1.a.A.52.=1.B.C.5.	1.a.G.48.=1.C.C.4.,1.a.A.49.=1.C.C.5.,1.a.G.51.=1.B.C.4.,1.a.A.52.=1.B.C.5.,1.a.A.118.=1.A.C.4.,1.a.U.120.=1.A.C.5.,1.a.G.177.=1.D.C.4.,1.a.G.178.=1.D.C.5.	./PDBDNA/6XII.cif	othermotifs/1i9k_imotif.pdb
1	8	2.981	0.373	4.284	1.a.A.52.=1.D.C.5.	1.a.G.48.=1.A.C.4.,1.a.A.49.=1.A.C.5.,1.a.G.51.=1.D.C.4.,1.a.A.52.=1.D.C.5.,1.a.A.118.=1.C.C.4.,1.a.U.120.=1.C.C.5.,1.a.G.177.=1.B.C.4.,1.a.G.178.=1.B.C.5.	./PDBDNA/6XIJ.cif	othermotifs/1i9k_imotif.pdb
2	8	2.975	0.372	4.295	1.a.A.52.=1.A.C.5.	1.a.G.48.=1.D.C.4.,1.a.A.49.=1.D.C.5.,1.a.G.51.=1.A.C.4.,1.a.A.52.=1.A.C.5.,1.a.A.118.=1.B.C.4.,1.a.U.120.=1.B.C.5.,1.a.G.177.=1.C.C.4.,1.a.G.178.=1.C.C.5.	./PDBDNA/6XIJ.cif	othermotifs/1i9k_imotif.pdb
3	8	2.975	0.372	4.252	1.a.A.52.=1.C.C.5.	1.a.G.48.=1.B.C.4.,1.a.A.49.=1.B.C.5.,1.a.G.51.=1.C.C.4.,1.a.A.52.=1.C.C.5.,1.a.A.118.=1.D.C.4.,1.a.U.120.=1.D.C.5.,1.a.G.177.=1.A.C.4.,1.a.G.178.=1.A.C.5.	./PDBDNA/6XIJ.cif	othermotifs/1i9k_imotif.pdb
4	8	2.974	0.372	4.261	1.a.A.52.=1.B.C.5.	1.a.G.48.=1.C.C.4.,1.a.A.49.=1.C.C.5.,1.a.G.51.=1.B.C.4.,1.a.A.52.=1.B.C.5.,1.a.A.118.=1.A.C.4.,1.a.U.120.=1.A.C.5.,1.a.G.177.=1.D.C.4.,1.a.G.178.=1.D.C.5.	./PDBDNA/6XIJ.cif	othermotifs/1i9k_imotif.pdb
1	8	3.077	0.385	4.454	1.BA.A.52.=1.D.C.5.	1.BA.G.48.=1.A.C.4.,1.BA.A.49.=1.A.C.5.,1.BA.G.51.=1.D.C.4.,1.BA.A.52.=1.D.C.5.,1.BA.A.118.=1.C.C.4.,1.BA.U.120.=1.C.C.5.,1.BA.G.177.=1.B.C.4.,1.BA.G.178.=1.B.C.5.	./PDBDNA/6ZTL.cif	othermotifs/1i9k_imotif.pdb
2	8	3.072	0.384	4.467	1.BA.A.52.=1.A.C.5.	1.BA.G.48.=1.D.C.4.,1.BA.A.49.=1.D.C.5.,1.BA.G.51.=1.A.C.4.,1.BA.A.52.=1.A.C.5.,1.BA.A.118.=1.B.C.4.,1.BA.U.120.=1.B.C.5.,1.BA.G.177.=1.C.C.4.,1.BA.G.178.=1.C.C.5.	./PDBDNA/6ZTL.cif	othermotifs/1i9k_imotif.pdb
3	8	3.071	0.384	4.422	1.BA.A.52.=1.C.C.5.	1.BA.G.48.=1.B.C.4.,1.BA.A.49.=1.B.C.5.,1.BA.G.51.=1.C.C.4.,1.BA.A.52.=1.C.C.5.,1.BA.A.118.=1.D.C.4.,1.BA.U.120.=1.D.C.5.,1.BA.G.177.=1.A.C.4.,1.BA.G.178.=1.A.C.5.	./PDBDNA/6ZTL.cif	othermotifs/1i9k_imotif.pdb
4	8	3.069	0.384	4.431	1.BA.A.52.=1.B.C.5.	1.BA.G.48.=1.C.C.4.,1.BA.A.49.=1.C.C.5.,1.BA.G.51.=1.B.C.4.,1.BA.A.52.=1.B.C.5.,1.BA.A.118.=1.A.C.4.,1.BA.U.120.=1.A.C.5.,1.BA.G.177.=1.D.C.4.,1.BA.G.178.=1.D.C.5.	./PDBDNA/6ZTL.cif	othermotifs/1i9k_imotif.pdb
1	8	2.959	0.370	4.256	1.BA.A.52.=1.D.C.5.	1.BA.G.48.=1.A.C.4.,1.BA.A.49.=1.A.C.5.,1.BA.G.51.=1.D.C.4.,1.BA.A.52.=1.D.C.5.,1.BA.A.118.=1.C.C.4.,1.BA.U.120.=1.C.C.5.,1.BA.G.177.=1.B.C.4.,1.BA.G.178.=1.B.C.5.	./PDBDNA/6ZTO.cif	othermotifs/1i9k_imotif.pdb
2	8	2.955	0.369	4.225	1.BA.A.52.=1.C.C.5.	1.BA.G.48.=1.B.C.4.,1.BA.A.49.=1.B.C.5.,1.BA.G.51.=1.C.C.4.,1.BA.A.52.=1.C.C.5.,1.BA.A.118.=1.D.C.4.,1.BA.U.120.=1.D.C.5.,1.BA.G.177.=1.A.C.4.,1.BA.G.178.=1.A.C.5.	./PDBDNA/6ZTO.cif	othermotifs/1i9k_imotif.pdb
3	8	2.953	0.369	4.268	1.BA.A.52.=1.A.C.5.	1.BA.G.48.=1.D.C.4.,1.BA.A.49.=1.D.C.5.,1.BA.G.51.=1.A.C.4.,1.BA.A.52.=1.A.C.5.,1.BA.A.118.=1.B.C.4.,1.BA.U.120.=1.B.C.5.,1.BA.G.177.=1.C.C.4.,1.BA.G.178.=1.C.C.5.	./PDBDNA/6ZTO.cif	othermotifs/1i9k_imotif.pdb
4	8	2.953	0.369	4.233	1.BA.A.52.=1.B.C.5.	1.BA.G.48.=1.C.C.4.,1.BA.A.49.=1.C.C.5.,1.BA.G.51.=1.B.C.4.,1.BA.A.52.=1.B.C.5.,1.BA.A.118.=1.A.C.4.,1.BA.U.120.=1.A.C.5.,1.BA.G.177.=1.D.C.4.,1.BA.G.178.=1.D.C.5.	./PDBDNA/6ZTO.cif	othermotifs/1i9k_imotif.pdb
1	8	2.959	0.370	4.256	1.BA.A.52.=1.D.C.5.	1.BA.G.48.=1.A.C.4.,1.BA.A.49.=1.A.C.5.,1.BA.G.51.=1.D.C.4.,1.BA.A.52.=1.D.C.5.,1.BA.A.118.=1.C.C.4.,1.BA.U.120.=1.C.C.5.,1.BA.G.177.=1.B.C.4.,1.BA.G.178.=1.B.C.5.	./PDBDNA/6ZTP.cif	othermotifs/1i9k_imotif.pdb
2	8	2.955	0.369	4.225	1.BA.A.52.=1.C.C.5.	1.BA.G.48.=1.B.C.4.,1.BA.A.49.=1.B.C.5.,1.BA.G.51.=1.C.C.4.,1.BA.A.52.=1.C.C.5.,1.BA.A.118.=1.D.C.4.,1.BA.U.120.=1.D.C.5.,1.BA.G.177.=1.A.C.4.,1.BA.G.178.=1.A.C.5.	./PDBDNA/6ZTP.cif	othermotifs/1i9k_imotif.pdb
3	8	2.953	0.369	4.268	1.BA.A.52.=1.A.C.5.	1.BA.G.48.=1.D.C.4.,1.BA.A.49.=1.D.C.5.,1.BA.G.51.=1.A.C.4.,1.BA.A.52.=1.A.C.5.,1.BA.A.118.=1.B.C.4.,1.BA.U.120.=1.B.C.5.,1.BA.G.177.=1.C.C.4.,1.BA.G.178.=1.C.C.5.	./PDBDNA/6ZTP.cif	othermotifs/1i9k_imotif.pdb
4	8	2.953	0.369	4.233	1.BA.A.52.=1.B.C.5.	1.BA.G.48.=1.C.C.4.,1.BA.A.49.=1.C.C.5.,1.BA.G.51.=1.B.C.4.,1.BA.A.52.=1.B.C.5.,1.BA.A.118.=1.A.C.4.,1.BA.U.120.=1.A.C.5.,1.BA.G.177.=1.D.C.4.,1.BA.G.178.=1.D.C.5.	./PDBDNA/6ZTP.cif	othermotifs/1i9k_imotif.pdb
1	8	2.959	0.370	4.256	1.BA.A.52.=1.D.C.5.	1.BA.G.48.=1.A.C.4.,1.BA.A.49.=1.A.C.5.,1.BA.G.51.=1.D.C.4.,1.BA.A.52.=1.D.C.5.,1.BA.A.118.=1.C.C.4.,1.BA.U.120.=1.C.C.5.,1.BA.G.177.=1.B.C.4.,1.BA.G.178.=1.B.C.5.	./PDBDNA/6ZU1.cif	othermotifs/1i9k_imotif.pdb
2	8	2.955	0.369	4.225	1.BA.A.52.=1.C.C.5.	1.BA.G.48.=1.B.C.4.,1.BA.A.49.=1.B.C.5.,1.BA.G.51.=1.C.C.4.,1.BA.A.52.=1.C.C.5.,1.BA.A.118.=1.D.C.4.,1.BA.U.120.=1.D.C.5.,1.BA.G.177.=1.A.C.4.,1.BA.G.178.=1.A.C.5.	./PDBDNA/6ZU1.cif	othermotifs/1i9k_imotif.pdb
3	8	2.953	0.369	4.268	1.BA.A.52.=1.A.C.5.	1.BA.G.48.=1.D.C.4.,1.BA.A.49.=1.D.C.5.,1.BA.G.51.=1.A.C.4.,1.BA.A.52.=1.A.C.5.,1.BA.A.118.=1.B.C.4.,1.BA.U.120.=1.B.C.5.,1.BA.G.177.=1.C.C.4.,1.BA.G.178.=1.C.C.5.	./PDBDNA/6ZU1.cif	othermotifs/1i9k_imotif.pdb
4	8	2.953	0.369	4.233	1.BA.A.52.=1.B.C.5.	1.BA.G.48.=1.C.C.4.,1.BA.A.49.=1.C.C.5.,1.BA.G.51.=1.B.C.4.,1.BA.A.52.=1.B.C.5.,1.BA.A.118.=1.A.C.4.,1.BA.U.120.=1.A.C.5.,1.BA.G.177.=1.D.C.4.,1.BA.G.178.=1.D.C.5.	./PDBDNA/6ZU1.cif	othermotifs/1i9k_imotif.pdb
1	8	0.677	0.085	0.886	1.A.DC.14.=1.A.C.5.,1.A.DC.19.=1.B.C.5.,1.A.DC.27.=1.C.C.4.	1.A.DC.4.=1.D.C.4.,1.A.DC.5.=1.D.C.5.,1.A.DC.13.=1.A.C.4.,1.A.DC.14.=1.A.C.5.,1.A.DC.18.=1.B.C.4.,1.A.DC.19.=1.B.C.5.,1.A.DC.27.=1.C.C.4.,1.A.DC.28.=1.C.C.5.	./PDBDNA/8AYG.cif	othermotifs/1i9k_imotif.pdb
2	8	0.677	0.085	0.894	1.A.DC.14.=1.D.C.5.,1.A.DC.19.=1.C.C.5.,1.A.DC.27.=1.B.C.4.	1.A.DC.4.=1.A.C.4.,1.A.DC.5.=1.A.C.5.,1.A.DC.13.=1.D.C.4.,1.A.DC.14.=1.D.C.5.,1.A.DC.18.=1.C.C.4.,1.A.DC.19.=1.C.C.5.,1.A.DC.27.=1.B.C.4.,1.A.DC.28.=1.B.C.5.	./PDBDNA/8AYG.cif	othermotifs/1i9k_imotif.pdb
3	8	0.675	0.084	0.862	1.A.DC.14.=1.B.C.5.,1.A.DC.19.=1.A.C.5.,1.A.DC.27.=1.D.C.4.	1.A.DC.4.=1.C.C.4.,1.A.DC.5.=1.C.C.5.,1.A.DC.13.=1.B.C.4.,1.A.DC.14.=1.B.C.5.,1.A.DC.18.=1.A.C.4.,1.A.DC.19.=1.A.C.5.,1.A.DC.27.=1.D.C.4.,1.A.DC.28.=1.D.C.5.	./PDBDNA/8AYG.cif	othermotifs/1i9k_imotif.pdb
4	8	0.672	0.084	0.863	1.A.DC.14.=1.C.C.5.,1.A.DC.19.=1.D.C.5.,1.A.DC.27.=1.A.C.4.	1.A.DC.4.=1.B.C.4.,1.A.DC.5.=1.B.C.5.,1.A.DC.13.=1.C.C.4.,1.A.DC.14.=1.C.C.5.,1.A.DC.18.=1.D.C.4.,1.A.DC.19.=1.D.C.5.,1.A.DC.27.=1.A.C.4.,1.A.DC.28.=1.A.C.5.	./PDBDNA/8AYG.cif	othermotifs/1i9k_imotif.pdb
5	8	0.654	0.082	0.811	1.B.DC.6.=1.B.C.4.,1.B.DC.12.=1.C.C.5.,1.B.DC.21.=1.D.C.5.	1.B.DC.6.=1.B.C.4.,1.B.DC.7.=1.B.C.5.,1.B.DC.11.=1.C.C.4.,1.B.DC.12.=1.C.C.5.,1.B.DC.20.=1.D.C.4.,1.B.DC.21.=1.D.C.5.,1.B.DC.25.=1.A.C.4.,1.B.DC.26.=1.A.C.5.	./PDBDNA/8AYG.cif	othermotifs/1i9k_imotif.pdb
6	8	0.654	0.082	0.830	1.B.DC.6.=1.C.C.4.,1.B.DC.12.=1.B.C.5.,1.B.DC.21.=1.A.C.5.	1.B.DC.6.=1.C.C.4.,1.B.DC.7.=1.C.C.5.,1.B.DC.11.=1.B.C.4.,1.B.DC.12.=1.B.C.5.,1.B.DC.20.=1.A.C.4.,1.B.DC.21.=1.A.C.5.,1.B.DC.25.=1.D.C.4.,1.B.DC.26.=1.D.C.5.	./PDBDNA/8AYG.cif	othermotifs/1i9k_imotif.pdb
7	8	0.653	0.082	0.865	1.B.DC.6.=1.D.C.4.,1.B.DC.12.=1.A.C.5.,1.B.DC.21.=1.B.C.5.	1.B.DC.6.=1.D.C.4.,1.B.DC.7.=1.D.C.5.,1.B.DC.11.=1.A.C.4.,1.B.DC.12.=1.A.C.5.,1.B.DC.20.=1.B.C.4.,1.B.DC.21.=1.B.C.5.,1.B.DC.25.=1.C.C.4.,1.B.DC.26.=1.C.C.5.	./PDBDNA/8AYG.cif	othermotifs/1i9k_imotif.pdb
8	8	0.648	0.081	0.842	1.B.DC.6.=1.A.C.4.,1.B.DC.12.=1.D.C.5.,1.B.DC.21.=1.C.C.5.	1.B.DC.6.=1.A.C.4.,1.B.DC.7.=1.A.C.5.,1.B.DC.11.=1.D.C.4.,1.B.DC.12.=1.D.C.5.,1.B.DC.20.=1.C.C.4.,1.B.DC.21.=1.C.C.5.,1.B.DC.25.=1.B.C.4.,1.B.DC.26.=1.B.C.5.	./PDBDNA/8AYG.cif	othermotifs/1i9k_imotif.pdb
9	8	0.647	0.081	0.811	1.A.DC.6.=1.B.C.4.,1.A.DC.12.=1.C.C.5.,1.A.DC.21.=1.D.C.5.	1.A.DC.6.=1.B.C.4.,1.A.DC.7.=1.B.C.5.,1.A.DC.11.=1.C.C.4.,1.A.DC.12.=1.C.C.5.,1.A.DC.20.=1.D.C.4.,1.A.DC.21.=1.D.C.5.,1.A.DC.25.=1.A.C.4.,1.A.DC.26.=1.A.C.5.	./PDBDNA/8AYG.cif	othermotifs/1i9k_imotif.pdb
10	8	0.646	0.081	0.800	1.A.DC.6.=1.C.C.4.,1.A.DC.12.=1.B.C.5.,1.A.DC.21.=1.A.C.5.	1.A.DC.6.=1.C.C.4.,1.A.DC.7.=1.C.C.5.,1.A.DC.11.=1.B.C.4.,1.A.DC.12.=1.B.C.5.,1.A.DC.20.=1.A.C.4.,1.A.DC.21.=1.A.C.5.,1.A.DC.25.=1.D.C.4.,1.A.DC.26.=1.D.C.5.	./PDBDNA/8AYG.cif	othermotifs/1i9k_imotif.pdb
11	8	0.637	0.080	0.928	1.B.DC.4.=1.A.C.4.,1.B.DC.14.=1.D.C.5.,1.B.DC.19.=1.C.C.5.,1.B.DC.27.=1.B.C.4.,1.B.DC.28.=1.B.C.5.	1.B.DC.4.=1.A.C.4.,1.B.DC.5.=1.A.C.5.,1.B.DC.13.=1.D.C.4.,1.B.DC.14.=1.D.C.5.,1.B.DC.18.=1.C.C.4.,1.B.DC.19.=1.C.C.5.,1.B.DC.27.=1.B.C.4.,1.B.DC.28.=1.B.C.5.	./PDBDNA/8AYG.cif	othermotifs/1i9k_imotif.pdb
12	8	0.637	0.080	0.945	1.B.DC.4.=1.D.C.4.,1.B.DC.14.=1.A.C.5.,1.B.DC.19.=1.B.C.5.,1.B.DC.27.=1.C.C.4.,1.B.DC.28.=1.C.C.5.	1.B.DC.4.=1.D.C.4.,1.B.DC.5.=1.D.C.5.,1.B.DC.13.=1.A.C.4.,1.B.DC.14.=1.A.C.5.,1.B.DC.18.=1.B.C.4.,1.B.DC.19.=1.B.C.5.,1.B.DC.27.=1.C.C.4.,1.B.DC.28.=1.C.C.5.	./PDBDNA/8AYG.cif	othermotifs/1i9k_imotif.pdb
13	8	0.636	0.080	0.757	1.A.DC.6.=1.D.C.4.,1.A.DC.12.=1.A.C.5.,1.A.DC.21.=1.B.C.5.	1.A.DC.6.=1.D.C.4.,1.A.DC.7.=1.D.C.5.,1.A.DC.11.=1.A.C.4.,1.A.DC.12.=1.A.C.5.,1.A.DC.20.=1.B.C.4.,1.A.DC.21.=1.B.C.5.,1.A.DC.25.=1.C.C.4.,1.A.DC.26.=1.C.C.5.	./PDBDNA/8AYG.cif	othermotifs/1i9k_imotif.pdb
14	8	0.636	0.080	0.863	1.B.DC.5.=1.C.C.4.,1.B.DC.6.=1.C.C.5.,1.B.DC.13.=1.B.C.5.,1.B.DC.20.=1.A.C.5.,1.B.DC.26.=1.D.C.4.	1.B.DC.5.=1.C.C.4.,1.B.DC.6.=1.C.C.5.,1.B.DC.12.=1.B.C.4.,1.B.DC.13.=1.B.C.5.,1.B.DC.19.=1.A.C.4.,1.B.DC.20.=1.A.C.5.,1.B.DC.26.=1.D.C.4.,1.B.DC.27.=1.D.C.5.	./PDBDNA/8AYG.cif	othermotifs/1i9k_imotif.pdb
15	8	0.635	0.079	0.767	1.A.DC.6.=1.A.C.4.,1.A.DC.12.=1.D.C.5.,1.A.DC.21.=1.C.C.5.	1.A.DC.6.=1.A.C.4.,1.A.DC.7.=1.A.C.5.,1.A.DC.11.=1.D.C.4.,1.A.DC.12.=1.D.C.5.,1.A.DC.20.=1.C.C.4.,1.A.DC.21.=1.C.C.5.,1.A.DC.25.=1.B.C.4.,1.A.DC.26.=1.B.C.5.	./PDBDNA/8AYG.cif	othermotifs/1i9k_imotif.pdb
16	8	0.633	0.079	0.838	1.B.DC.5.=1.B.C.4.,1.B.DC.6.=1.B.C.5.,1.B.DC.13.=1.C.C.5.,1.B.DC.20.=1.D.C.5.,1.B.DC.26.=1.A.C.4.	1.B.DC.5.=1.B.C.4.,1.B.DC.6.=1.B.C.5.,1.B.DC.12.=1.C.C.4.,1.B.DC.13.=1.C.C.5.,1.B.DC.19.=1.D.C.4.,1.B.DC.20.=1.D.C.5.,1.B.DC.26.=1.A.C.4.,1.B.DC.27.=1.A.C.5.	./PDBDNA/8AYG.cif	othermotifs/1i9k_imotif.pdb
17	8	0.632	0.079	0.841	1.B.DC.5.=1.D.C.4.,1.B.DC.6.=1.D.C.5.,1.B.DC.13.=1.A.C.5.,1.B.DC.20.=1.B.C.5.,1.B.DC.26.=1.C.C.4.	1.B.DC.5.=1.D.C.4.,1.B.DC.6.=1.D.C.5.,1.B.DC.12.=1.A.C.4.,1.B.DC.13.=1.A.C.5.,1.B.DC.19.=1.B.C.4.,1.B.DC.20.=1.B.C.5.,1.B.DC.26.=1.C.C.4.,1.B.DC.27.=1.C.C.5.	./PDBDNA/8AYG.cif	othermotifs/1i9k_imotif.pdb
18	8	0.628	0.079	0.816	1.B.DC.5.=1.A.C.4.,1.B.DC.6.=1.A.C.5.,1.B.DC.13.=1.D.C.5.,1.B.DC.20.=1.C.C.5.,1.B.DC.26.=1.B.C.4.	1.B.DC.5.=1.A.C.4.,1.B.DC.6.=1.A.C.5.,1.B.DC.12.=1.D.C.4.,1.B.DC.13.=1.D.C.5.,1.B.DC.19.=1.C.C.4.,1.B.DC.20.=1.C.C.5.,1.B.DC.26.=1.B.C.4.,1.B.DC.27.=1.B.C.5.	./PDBDNA/8AYG.cif	othermotifs/1i9k_imotif.pdb
19	8	0.620	0.077	0.891	1.B.DC.4.=1.C.C.4.,1.B.DC.14.=1.B.C.5.,1.B.DC.19.=1.A.C.5.,1.B.DC.27.=1.D.C.4.,1.B.DC.28.=1.D.C.5.	1.B.DC.4.=1.C.C.4.,1.B.DC.5.=1.C.C.5.,1.B.DC.13.=1.B.C.4.,1.B.DC.14.=1.B.C.5.,1.B.DC.18.=1.A.C.4.,1.B.DC.19.=1.A.C.5.,1.B.DC.27.=1.D.C.4.,1.B.DC.28.=1.D.C.5.	./PDBDNA/8AYG.cif	othermotifs/1i9k_imotif.pdb
20	8	0.615	0.077	0.885	1.B.DC.4.=1.B.C.4.,1.B.DC.14.=1.C.C.5.,1.B.DC.19.=1.D.C.5.,1.B.DC.27.=1.A.C.4.,1.B.DC.28.=1.A.C.5.	1.B.DC.4.=1.B.C.4.,1.B.DC.5.=1.B.C.5.,1.B.DC.13.=1.C.C.4.,1.B.DC.14.=1.C.C.5.,1.B.DC.18.=1.D.C.4.,1.B.DC.19.=1.D.C.5.,1.B.DC.27.=1.A.C.4.,1.B.DC.28.=1.A.C.5.	./PDBDNA/8AYG.cif	othermotifs/1i9k_imotif.pdb
21	8	0.589	0.074	0.670	1.A.DC.5.=1.D.C.4.,1.A.DC.13.=1.A.C.5.,1.A.DC.20.=1.B.C.5.,1.A.DC.26.=1.C.C.4.	1.A.DC.5.=1.D.C.4.,1.A.DC.6.=1.D.C.5.,1.A.DC.12.=1.A.C.4.,1.A.DC.13.=1.A.C.5.,1.A.DC.19.=1.B.C.4.,1.A.DC.20.=1.B.C.5.,1.A.DC.26.=1.C.C.4.,1.A.DC.27.=1.C.C.5.	./PDBDNA/8AYG.cif	othermotifs/1i9k_imotif.pdb
22	8	0.588	0.073	0.705	1.A.DC.5.=1.C.C.4.,1.A.DC.13.=1.B.C.5.,1.A.DC.20.=1.A.C.5.,1.A.DC.26.=1.D.C.4.	1.A.DC.5.=1.C.C.4.,1.A.DC.6.=1.C.C.5.,1.A.DC.12.=1.B.C.4.,1.A.DC.13.=1.B.C.5.,1.A.DC.19.=1.A.C.4.,1.A.DC.20.=1.A.C.5.,1.A.DC.26.=1.D.C.4.,1.A.DC.27.=1.D.C.5.	./PDBDNA/8AYG.cif	othermotifs/1i9k_imotif.pdb
23	8	0.587	0.073	0.678	1.A.DC.5.=1.A.C.4.,1.A.DC.13.=1.D.C.5.,1.A.DC.20.=1.C.C.5.,1.A.DC.26.=1.B.C.4.	1.A.DC.5.=1.A.C.4.,1.A.DC.6.=1.A.C.5.,1.A.DC.12.=1.D.C.4.,1.A.DC.13.=1.D.C.5.,1.A.DC.19.=1.C.C.4.,1.A.DC.20.=1.C.C.5.,1.A.DC.26.=1.B.C.4.,1.A.DC.27.=1.B.C.5.	./PDBDNA/8AYG.cif	othermotifs/1i9k_imotif.pdb
24	8	0.585	0.073	0.680	1.A.DC.5.=1.B.C.4.,1.A.DC.13.=1.C.C.5.,1.A.DC.20.=1.D.C.5.,1.A.DC.26.=1.A.C.4.	1.A.DC.5.=1.B.C.4.,1.A.DC.6.=1.B.C.5.,1.A.DC.12.=1.C.C.4.,1.A.DC.13.=1.C.C.5.,1.A.DC.19.=1.D.C.4.,1.A.DC.20.=1.D.C.5.,1.A.DC.26.=1.A.C.4.,1.A.DC.27.=1.A.C.5.	./PDBDNA/8AYG.cif	othermotifs/1i9k_imotif.pdb
1	8	0.712	0.089	1.157	1.A.DC.17.=1.C.C.5.,1.A.DC.24.=1.B.C.4.,1.A.DC.25.=1.B.C.5.,1.B.DC.4.=1.A.C.5.,1.B.DC.10.=1.D.C.4.	1.A.DC.16.=1.C.C.4.,1.A.DC.17.=1.C.C.5.,1.A.DC.24.=1.B.C.4.,1.A.DC.25.=1.B.C.5.,1.B.DC.3.=1.A.C.4.,1.B.DC.4.=1.A.C.5.,1.B.DC.10.=1.D.C.4.,1.B.DC.11.=1.D.C.5.	./PDBDNA/8DHC.cif	othermotifs/1i9k_imotif.pdb
2	8	0.707	0.088	1.150	1.A.DC.17.=1.B.C.5.,1.A.DC.24.=1.C.C.4.,1.A.DC.25.=1.C.C.5.,1.B.DC.4.=1.D.C.5.,1.B.DC.10.=1.A.C.4.	1.A.DC.16.=1.B.C.4.,1.A.DC.17.=1.B.C.5.,1.A.DC.24.=1.C.C.4.,1.A.DC.25.=1.C.C.5.,1.B.DC.3.=1.D.C.4.,1.B.DC.4.=1.D.C.5.,1.B.DC.10.=1.A.C.4.,1.B.DC.11.=1.A.C.5.	./PDBDNA/8DHC.cif	othermotifs/1i9k_imotif.pdb
3	8	0.692	0.086	1.113	1.A.DC.17.=1.A.C.5.,1.A.DC.24.=1.D.C.4.,1.A.DC.25.=1.D.C.5.,1.B.DC.4.=1.C.C.5.,1.B.DC.10.=1.B.C.4.	1.A.DC.16.=1.A.C.4.,1.A.DC.17.=1.A.C.5.,1.A.DC.24.=1.D.C.4.,1.A.DC.25.=1.D.C.5.,1.B.DC.3.=1.C.C.4.,1.B.DC.4.=1.C.C.5.,1.B.DC.10.=1.B.C.4.,1.B.DC.11.=1.B.C.5.	./PDBDNA/8DHC.cif	othermotifs/1i9k_imotif.pdb
4	8	0.692	0.086	1.117	1.A.DC.17.=1.D.C.5.,1.A.DC.24.=1.A.C.4.,1.A.DC.25.=1.A.C.5.,1.B.DC.4.=1.B.C.5.,1.B.DC.10.=1.C.C.4.	1.A.DC.16.=1.D.C.4.,1.A.DC.17.=1.D.C.5.,1.A.DC.24.=1.A.C.4.,1.A.DC.25.=1.A.C.5.,1.B.DC.3.=1.B.C.4.,1.B.DC.4.=1.B.C.5.,1.B.DC.10.=1.C.C.4.,1.B.DC.11.=1.C.C.5.	./PDBDNA/8DHC.cif	othermotifs/1i9k_imotif.pdb
5	8	0.642	0.080	0.929	1.A.DC.4.=1.A.C.5.,1.A.DC.10.=1.D.C.4.,1.B.DC.17.=1.C.C.5.,1.B.DC.24.=1.B.C.4.,1.B.DC.25.=1.B.C.5.	1.A.DC.3.=1.A.C.4.,1.A.DC.4.=1.A.C.5.,1.A.DC.10.=1.D.C.4.,1.A.DC.11.=1.D.C.5.,1.B.DC.16.=1.C.C.4.,1.B.DC.17.=1.C.C.5.,1.B.DC.24.=1.B.C.4.,1.B.DC.25.=1.B.C.5.	./PDBDNA/8DHC.cif	othermotifs/1i9k_imotif.pdb
6	8	0.637	0.080	0.920	1.A.DC.4.=1.D.C.5.,1.A.DC.10.=1.A.C.4.,1.B.DC.17.=1.B.C.5.,1.B.DC.24.=1.C.C.4.,1.B.DC.25.=1.C.C.5.	1.A.DC.3.=1.D.C.4.,1.A.DC.4.=1.D.C.5.,1.A.DC.10.=1.A.C.4.,1.A.DC.11.=1.A.C.5.,1.B.DC.16.=1.B.C.4.,1.B.DC.17.=1.B.C.5.,1.B.DC.24.=1.C.C.4.,1.B.DC.25.=1.C.C.5.	./PDBDNA/8DHC.cif	othermotifs/1i9k_imotif.pdb
7	8	0.627	0.078	0.890	1.A.DC.4.=1.B.C.5.,1.A.DC.10.=1.C.C.4.,1.B.DC.17.=1.D.C.5.,1.B.DC.24.=1.A.C.4.,1.B.DC.25.=1.A.C.5.	1.A.DC.3.=1.B.C.4.,1.A.DC.4.=1.B.C.5.,1.A.DC.10.=1.C.C.4.,1.A.DC.11.=1.C.C.5.,1.B.DC.16.=1.D.C.4.,1.B.DC.17.=1.D.C.5.,1.B.DC.24.=1.A.C.4.,1.B.DC.25.=1.A.C.5.	./PDBDNA/8DHC.cif	othermotifs/1i9k_imotif.pdb
8	8	0.627	0.078	0.883	1.A.DC.4.=1.C.C.5.,1.A.DC.10.=1.B.C.4.,1.B.DC.17.=1.A.C.5.,1.B.DC.24.=1.D.C.4.,1.B.DC.25.=1.D.C.5.	1.A.DC.3.=1.C.C.4.,1.A.DC.4.=1.C.C.5.,1.A.DC.10.=1.B.C.4.,1.A.DC.11.=1.B.C.5.,1.B.DC.16.=1.A.C.4.,1.B.DC.17.=1.A.C.5.,1.B.DC.24.=1.D.C.4.,1.B.DC.25.=1.D.C.5.	./PDBDNA/8DHC.cif	othermotifs/1i9k_imotif.pdb
9	8	0.505	0.063	0.649	1.A.DC.5.=1.A.C.5.,1.A.DC.10.=1.D.C.5.,1.B.DC.18.=1.C.C.5.	1.A.DC.4.=1.A.C.4.,1.A.DC.5.=1.A.C.5.,1.A.DC.9.=1.D.C.4.,1.A.DC.10.=1.D.C.5.,1.B.DC.17.=1.C.C.4.,1.B.DC.18.=1.C.C.5.,1.B.DC.23.=1.B.C.4.,1.B.DC.24.=1.B.C.5.	./PDBDNA/8DHC.cif	othermotifs/1i9k_imotif.pdb
10	8	0.505	0.063	0.609	1.A.DC.5.=1.B.C.5.,1.A.DC.10.=1.C.C.5.,1.B.DC.18.=1.D.C.5.	1.A.DC.4.=1.B.C.4.,1.A.DC.5.=1.B.C.5.,1.A.DC.9.=1.C.C.4.,1.A.DC.10.=1.C.C.5.,1.B.DC.17.=1.D.C.4.,1.B.DC.18.=1.D.C.5.,1.B.DC.23.=1.A.C.4.,1.B.DC.24.=1.A.C.5.	./PDBDNA/8DHC.cif	othermotifs/1i9k_imotif.pdb
11	8	0.503	0.063	0.619	1.A.DC.5.=1.C.C.5.,1.A.DC.10.=1.B.C.5.,1.B.DC.18.=1.A.C.5.	1.A.DC.4.=1.C.C.4.,1.A.DC.5.=1.C.C.5.,1.A.DC.9.=1.B.C.4.,1.A.DC.10.=1.B.C.5.,1.B.DC.17.=1.A.C.4.,1.B.DC.18.=1.A.C.5.,1.B.DC.23.=1.D.C.4.,1.B.DC.24.=1.D.C.5.	./PDBDNA/8DHC.cif	othermotifs/1i9k_imotif.pdb
12	8	0.501	0.063	0.626	1.A.DC.5.=1.D.C.5.,1.A.DC.10.=1.A.C.5.,1.B.DC.18.=1.B.C.5.	1.A.DC.4.=1.D.C.4.,1.A.DC.5.=1.D.C.5.,1.A.DC.9.=1.A.C.4.,1.A.DC.10.=1.A.C.5.,1.B.DC.17.=1.B.C.4.,1.B.DC.18.=1.B.C.5.,1.B.DC.23.=1.C.C.4.,1.B.DC.24.=1.C.C.5.	./PDBDNA/8DHC.cif	othermotifs/1i9k_imotif.pdb
13	8	0.464	0.058	0.603	1.A.DC.18.=1.D.C.5.,1.B.DC.5.=1.B.C.5.	1.A.DC.17.=1.D.C.4.,1.A.DC.18.=1.D.C.5.,1.A.DC.23.=1.A.C.4.,1.A.DC.24.=1.A.C.5.,1.B.DC.4.=1.B.C.4.,1.B.DC.5.=1.B.C.5.,1.B.DC.9.=1.C.C.4.,1.B.DC.10.=1.C.C.5.	./PDBDNA/8DHC.cif	othermotifs/1i9k_imotif.pdb
14	8	0.462	0.058	0.599	1.A.DC.18.=1.A.C.5.,1.B.DC.5.=1.C.C.5.	1.A.DC.17.=1.A.C.4.,1.A.DC.18.=1.A.C.5.,1.A.DC.23.=1.D.C.4.,1.A.DC.24.=1.D.C.5.,1.B.DC.4.=1.C.C.4.,1.B.DC.5.=1.C.C.5.,1.B.DC.9.=1.B.C.4.,1.B.DC.10.=1.B.C.5.	./PDBDNA/8DHC.cif	othermotifs/1i9k_imotif.pdb
15	8	0.459	0.057	0.651	1.A.DC.18.=1.C.C.5.,1.B.DC.5.=1.A.C.5.	1.A.DC.17.=1.C.C.4.,1.A.DC.18.=1.C.C.5.,1.A.DC.23.=1.B.C.4.,1.A.DC.24.=1.B.C.5.,1.B.DC.4.=1.A.C.4.,1.B.DC.5.=1.A.C.5.,1.B.DC.9.=1.D.C.4.,1.B.DC.10.=1.D.C.5.	./PDBDNA/8DHC.cif	othermotifs/1i9k_imotif.pdb
16	8	0.456	0.057	0.633	1.A.DC.18.=1.B.C.5.,1.B.DC.5.=1.D.C.5.	1.A.DC.17.=1.B.C.4.,1.A.DC.18.=1.B.C.5.,1.A.DC.23.=1.C.C.4.,1.A.DC.24.=1.C.C.5.,1.B.DC.4.=1.D.C.4.,1.B.DC.5.=1.D.C.5.,1.B.DC.9.=1.A.C.4.,1.B.DC.10.=1.A.C.5.	./PDBDNA/8DHC.cif	othermotifs/1i9k_imotif.pdb
